user_id,user_tags
0,Menulis|Membaca|Bernyanyi|Disiplin|Independen
1,Membaca|Pecinta alam|Memasak|Ngopi|Kritis
2,Kecerdasan buatan|Penerjemah|Menggambar|Bernyanyi|Puzzle
3,Memanjat|Binaraga|Olahraga|Analis keamanan|Memanjat
4,Dokter|Sosmed|Musisi|Analitis|Kuliner
5,Analitis|Analitis|Catur|Kpopers|Berkebun
6,Memancing|Jogging|Membaca|Menonton|Berdiskusi
7,Membaca|Programmer|Main kartu|Pemandu wisata|Sepak bola
8,Memasak|Desainer grafis|Memanjat|Bisnis|Astrografi
9,Menggambar|Berdiskusi|Berjiwa sosial|Kritis|Filsafat
10,Sutradara|Bersepeda|Disiplin|Badminton|Bernyanyi
11,Memancing|Merokok|Ngopi|3D Modelling|Konsultan
12,Catur|Wibu|Pramugari|Aktor/Aktris|Main kartu
13,Bernyanyi|Melukis|Budaya|Penyiar radio|Filsafat
14,Rendah hati|Kerja|Motivator|Basket|Petualangan
15,Memasak|Ahli hukum|Analis keamanan|Disiplin|Lari
16,Merokok|Golf|Penerjemah|Sulap|Jurnalis
17,Cosplay|Kutu buku|Konservasi|Peneliti|Berjiwa petualang
18,Futsal|Musisi|Sepak bola|Ramah|Ahli ekologi
19,Browsing|Sutradara|Membaca|Penuh daya juang|Menonton
20,Menonton|Nakhoda kapal|Merenung|Rendah hati|Bisnis
21,Trading|Berjiwa petualang|Badminton|Film|Pengajar
22,Sutradara|Humoris|Jurnalis|Berkuda|Grafity
23,Diplomat|Bermain musik|Penuh daya juang|Arsitek|Film
24,Bersepeda|Sosmed|Berenang|Stylist|Gamers
25,Membaca|Bekerja|Skena|Menyanyi|Nakhoda kapal
26,Kuliner|Berhitung|Hiking|Editor|Olahraga
27,Tidur|Aktor/Aktris|Komposer|Penuh semangat|Bersepeda
28,Merenung|Desain Ui|Sejarah|Multimedia|Model
29,Konservasi|Puzzle|Desainer interior|Analitis|Percaya diri
30,Binaraga|Kreatif|Ahli hukum|Penyiar radio|Pengusaha
31,Belajar|Penulis lagu|Hang Out|Tenis meja|Fotografi
32,3D Modelling|Jalan jalan|Komposer|Analitis|Ahli hukum
33,Penata rambut|Petualangan|Pelukis|Ramah lingkungan|Rendah hati
34,Merenung|Prank|Kesehatan|Hiking|Merenung
35,Membaca|Gym|Touring|Cerdas|Penyanyi
36,Main kartu|Rebahan|Menjahit|Penuh energi|Pembuat perhiasan
37,Penerjemah|Browsing|Tidur|Rebahan|Arkeolog
38,Voli|Pembuat perhiasan|3D Modelling|Melukis|Touring
39,Menonton|Memancing|Visioner|Stylist|Hiking
40,Traveling|Pramugari|Perawat|Curhat|Sastra
41,Inovatif|Belajar|Ahli nutrisi|Bersepeda|Ramah lingkungan
42,Memanjat|Kecerdasan buatan|Sabar|Romantis|Anak Senja
43,Wibu|Curhat|Kutu buku|Desain|Dermawan
44,Kritis|Perfeksionis|Seniman|Inovatif|Ambisius
45,Jurnalis|Futsal|Desain Ui|Pet lovers|Ramah lingkungan
46,Memancing|Akting|Bernyanyi|Pecinta alam|Rebahan
47,Menggambar|Desain|Browsing|Astronom|Kutu buku
48,Ramah lingkungan|Suka menolong|Rebahan|Melukis|Ilustrator
49,Ilustrator|Pecinta alam|Penyanyi|Self development|Suka menolong
50,Teknologi|Cosplay|Jogging|Membaca|Badminton
51,Berenang|Eksperimen|Sulap|Penuh energi|Atlet
52,Sepak bola|Penyanyi|Grafity|Kutu buku|Jogging
53,Fotografi|Futsal|Jurnalis|Berkuda|Terorganisir
54,Intelektual|Kuliner|Memasak|Tidur|Meditasi
55,Optimis|Kutu buku|Tidur|Penuh energi|Nakhoda kapal
56,Membaca|Menonton|Astrografi|Astronom|Kreatif
57,Multimedia|Membaca|Ice skating|Terorganisir|Puzzle
58,Prank|Menggambar|Cosplay|Rendah hati|Bermain musik
59,Traveling|Berenang|Ngopi|Bisnis|Konsultan
60,Main kartu|Sabar|Kritis|Anak Senja|Akting
61,Videografi|Main kartu|Jogging|Olahraga|Ramah
62,Gym|Jalan jalan|Kuliner|Aktor/Aktris|Penyiar radio
63,Bisnis|Olahraga|Ramah lingkungan|Gamers|Menulis
64,Merenung|Coding|Belajar|Fotografi|Fashion
65,Menjahit|Surfing|Membaca|Ilmuwan data|Mendengarkan musik
66,Analis keamanan|Riang|Binaraga|Kutu buku|Percaya diri
67,Pemandu wisata|Berenang|Penyanyi|Bisnis|Kurator
68,Astronom|Hang Out|Trading|Futsal|Suka menolong
69,Coding|Menyanyi|Penuh daya juang|Kecerdasan buatan|Pemadam kebakaran
70,Pramugari|Rubik|3D Modelling|Animator|Menggambar
71,Browsing|Analitis|Multimedia|Keibuan|Pramugari
72,Futsal|Ngopi|Pengusaha|Pecinta alam|Jalan jalan
73,Menyanyi|Nakhoda kapal|Kecerdasan buatan|Inovatif|Berhitung
74,Olahraga|Introspektif|Psikolog|Billiard|Poker
75,Membaca|Gym|Ambisius|Keibuan|Perfeksionis
76,Ice skating|Akting|Editor|Eksperimen|Ice skating
77,Menggambar|Peneliti|Humoris|Sepak bola|Bernyanyi
78,Bernyanyi|Futsal|Berkebun|Menyelam|Binaraga
79,Berjiwa sosial|Cosplay|Dokter|Fotografer|Model
80,Jalan jalan|Memancing|Pengusaha|Menyelam|Terorganisir
81,Poker|Ice skating|Desain|Independen|Yoga
82,Belajar|Ice skating|Gamers|Curhat|Penulis
83,Berenang|Jalan jalan|Terorganisir|Patriotik|Manajemen
84,Memanjat|Touring|Tidur|Pemadam kebakaran|Menyelam
85,Ice skating|Fleksibel|Ilmuwan data|Suka menolong|Kesehatan
86,Menggambar|Memancing|Penerjemah|Fleksibel|Inovatif
87,Riang|Multimedia|Menggambar|Geolog|Pengajar
88,Futsal|Basket|Sutradara|Bersepeda|Badminton
89,Fotografi|Bersepeda|Pendaki|Dokter|Videografi
90,Bernyanyi|Penyiar radio|Pet lovers|Ramah lingkungan|Belajar
91,Curhat|Merenung|Pembuat perhiasan|3D Modelling|Perfeksionis
92,Humoris|Kesehatan|Bekerja|Petualangan|Merokok
93,Analis keamanan|Puzzle|Musisi|Pet lovers|Lari
94,Membaca|Desainer grafis|Belajar|Memanjat|Kerja
95,Touring|Kuliner|Ramah|Hang Out|Pemandu wisata
96,Berdiskusi|Wibu|Diskusi|Curhat|Ramah lingkungan
97,Binaraga|Trading|Inovatif|Penata rambut|Disiplin
98,Sepak bola|Berdiskusi|Cosplayer|Disiplin|Kerja
99,Aktor/Aktris|Fashion|Skena|Petualangan|Astrografi
100,Berenang|Kutu buku|Desainer grafis|Fleksibel|Programmer
101,Pengusaha|Olahraga|Keibuan|Penuh daya juang|Visioner
102,Menjahit|Bekerja|Jogging|Penata rambut|Visioner
103,Videografi|Bernyanyi|Menyanyi|Coding|Prank
104,Menonton|Olahraga|Ramah lingkungan|Independen|Pengajar
105,Surfing|Berjiwa sosial|Mendaki|Menjahit|Inovatif
106,Ilmuwan data|Jogging|Futsal|Independen|Motivator
107,Merenung|Pet lovers|Touring|Manajemen|Fashion
108,Billiard|Suka menolong|Editor|Robotika|Videografi
109,Olahraga|Analis keamanan|Membaca|Analitis|Gamers
110,Sulap|Akting|Penari|Ngopi|Filsafat
111,Sepak bola|Film|Kuliner|Berhitung|Suka menolong
112,Badminton|Fotografer|Stylist|Hiking|Astrografi
113,Ahli hukum|Tenis meja|Menari|Diskusi|Perfeksionis
114,Ngopi|Ambisius|Puzzle|Prank|Dubbing
115,Menonton|Dokter|Berhitung|Kpopers|Bermain musik
116,Coding|Poker|Sutradara|Patriotik|Perawat
117,Tenis meja|Motivator|Menggambar|Independen|Rendah hati
118,Basket|Penulis lagu|Futsal|Koki|Robotika
119,Akting|Diplomat|Jogging|Ahli ekologi|Fotografer
120,Dermawan|Animator|Penuh daya juang|Fotografer|Editor
121,Badminton|Astrografi|Binaraga|Ilmuwan data|Futsal
122,Memasak|Membaca|Ahli biologi|Filsafat|Berkebun
123,Arsitek|Model|Golf|Ambisius|Manajemen
124,Desain Ui|Rendah hati|Trading|Prank|Penerjemah
125,Analitis|Badminton|Pengajar|Tidur|Memancing
126,Menulis|Membaca|Bisnis|Intelektual|Penari
127,Membaca|Menari|Film|Penulis|Ahli hukum
128,Aktor/Aktris|Penuh daya juang|Content creator|Aktor/Aktris|Sulap
129,Menari|Petualangan|Catur|Dubbing|Aktor/Aktris
130,Independen|Berhitung|Arsitek|Kutu buku|Memancing
131,Fotografi|Belajar|Jurnalis|Pendaki|Rebahan
132,Ahli hukum|Menulis|Prank|Cerdas|Memancing
133,Desain|Analis keamanan|Videografi|Pelukis|Penulis lagu
134,Main kartu|Grafity|Touring|Penyanyi|Memancing
135,Cosplay|Bekerja|Anak Senja|Pialang saham|Bermain musik
136,Tidur|Kuliner|Ngopi|Arsitek|Pengajar
137,Sosmed|Kuliner|Browsing|Curhat|Motivator
138,Konservasi|Surfing|Tidur|Pelukis|Montir mobil
139,Olahraga|Diskusi|Fotografi|Pet lovers|Penyiar radio
140,Berkebun|Pelukis|Koki|Berkuda|Montir mobil
141,Olahraga|Film|Manajemen|Pengajar|Rendah hati
142,Menonton|Kutu buku|Kuliner|Pialang saham|Humoris
143,Menari|Menonton|Belanja|Tenis meja|Melukis
144,Tidur|Kerja|Multimedia|Menjahit|Ahli biologi
145,Pecinta alam|Berdiskusi|Jurnalis|Patriotik|Coding
146,Teknologi|Teknologi|Cosplayer|Editor|Animator
147,Coding|Kreatif|Rubik|Berjiwa sosial|Videografi
148,Olahraga|Kerja|Membaca|Desain|Arsitek
149,Coding|Geolog|Programmer|Sabar|Bernyanyi
150,Desainer interior|Pengusaha|Tenis meja|Ilustrator|Koki
151,Sabar|Gamers|Optimis|Penata rambut|Meditasi
152,Eksperimen|Penulis lagu|Seni|Budaya|Puzzle
153,Olahraga|Kecerdasan buatan|Berhitung|Hiking|Jogging
154,Akting|Desainer interior|Curhat|Basket|Introspektif
155,Catur|Sosmed|Coding|Jogging|Berenang
156,Animator|Kreatif|Programmer|Visioner|Bekerja
157,Fotografi|Desain Ui|Ambisius|Suka menolong|Poker
158,Desain|Film|Berdiskusi|Browsing|Browsing
159,Menonton|Sejarah|Ahli biologi|Kerja|Billiard
160,Membaca|Menonton|Olahraga|Badminton|Rubik
161,Sastra|Berenang|Badminton|Patriotik|Kurator
162,Cosplayer|Penyanyi|Keibuan|Pramugari|Kutu buku
163,Geolog|Basket|Kesehatan|Desainer interior|Petualangan
164,Menulis|Berjiwa sosial|Yoga|Inovatif|Kutu buku
165,Astrografi|Memasak|Berkebun|Kreatif|Model
166,Dubbing|Berenang|Inovatif|Sosmed|Penuh energi
167,Percaya diri|Membaca|Desain|Sosmed|Prank
168,Berenang|Badminton|Kuliner|Surfing|Terorganisir
169,Berenang|Penuh semangat|Bersepeda|Basket|Seni
170,Penulis lagu|Jogging|Dermawan|Psikolog|Manajemen
171,Menyanyi|Sutradara|Bekerja|Pet lovers|Terorganisir
172,Coding|Tenis meja|Astrografi|Humoris|Intelektual
173,Menulis|Berpikir|Pemandu wisata|Percaya diri|Budaya
174,Menari|Petualangan|Pialang saham|Konservasi|Diskusi
175,Konsultan|Fotografer|Melukis|Penulis lagu|Sulap
176,Touring|Koki|Aktor/Aktris|Desain|Sejarah
177,Intelektual|Belajar|Futsal|Seniman|Bermain musik
178,Sabar|Sulap|Ngopi|Eksperimen|Ilmuwan data
179,Tidur|Kritis|Berenang|Programmer|Motivator
180,Tidur|Menari|Disiplin|Sulap|Voli
181,Berkebun|Ahli hukum|Badminton|Penulis lagu|Memanjat
182,Memancing|Penuh energi|Ramah|Cerdas|Disiplin
183,Berpikir|Billiard|Analitis|Suka menolong|Surfing
184,Bersepeda|Editor|Pramugari|Surfing|Rebahan
185,Sejarah|Merenung|Kpopers|Pemadam kebakaran|Keibuan
186,Konsultan|Lari|Melukis|Lari|Content creator
187,Gamers|Penulis|Rebahan|Menjahit|Fotografer
188,Multimedia|Multimedia|Terorganisir|Rendah hati|Sastra
189,Membaca|Wibu|Dubbing|Peneliti|Ramah lingkungan
190,Anak Senja|Motivator|Pemadam kebakaran|Bernyanyi|Futsal
191,Programmer|Ice skating|Bersepeda|Introspektif|Programmer
192,Penulis lagu|Badminton|Menyelam|Desain Ui|Berhitung
193,Merenung|Meditasi|Kuliner|Berkebun|Inovatif
194,Sosmed|Musisi|Browsing|Percaya diri|Kuliner
195,Olahraga|Fotografi|Bersepeda|Intelektual|Menjahit
196,Jogging|Psikolog|Surfing|Geolog|Desain
197,Menyanyi|Badminton|Nakhoda kapal|Analis keamanan|Gym
198,Pemandu wisata|Poker|Optimis|Kritis|Konservasi
199,Kpopers|Penuh semangat|Membaca|Patriotik|Aktor/Aktris
200,Gamers|Menari|Arkeolog|Bersepeda|Terorganisir
201,Dokter|Berhitung|Fashion|Puzzle|Bernyanyi
202,Menjahit|Kreatif|Ambisius|Jogging|Sastra
203,Berenang|Coding|Geolog|Stylist|Disiplin
204,Robotika|Terorganisir|Inovatif|Videografi|Mendaki
205,Ngopi|Budaya|Nakhoda kapal|Futsal|Sastra
206,Ilustrator|Psikolog|Content creator|Penuh semangat|Billiard
207,Penyiar radio|Menyanyi|Desainer grafis|Penerjemah|Voli
208,Desainer interior|Menggambar|Kesehatan|Arsitek|Rebahan
209,Berkebun|Lari|Sastra|Catur|Menonton
210,Mendaki|Membaca|Golf|Berpikir|Berdiskusi
211,Badminton|Coding|Catur|Suka menolong|Berjiwa sosial
212,Coding|Seniman|Menjahit|Pet lovers|Geolog
213,Memancing|Pialang saham|Kesehatan|Petualangan|Optimis
214,Memancing|Berenang|Penulis|Yoga|Merokok
215,Menggambar|Self development|Model|Billiard|Budaya
216,Mendengarkan musik|Mendengarkan musik|Optimis|Menggambar|Yoga
217,Meditasi|Penulis lagu|Olahraga|Wibu|Fleksibel
218,Cerdas|Penerjemah|Penulis lagu|3D Modelling|Sabar
219,Diplomat|Kuliner|Peneliti|Yoga|Keibuan
220,Jogging|Tidur|Pelukis|Sabar|Futsal
221,Kuliner|Coding|Menonton|Humoris|Ilmuwan data
222,Curhat|Membaca|Perawat|Trading|Cerdas
223,Ramah lingkungan|Berenang|Ahli nutrisi|Desainer interior|Perawat
224,Desainer interior|Menulis|Memancing|Pet lovers|Astrografi
225,Grafity|Coding|Binaraga|Anak Senja|Hang Out
226,Romantis|Memancing|Ilmuwan data|Konsultan|Bisnis
227,Merenung|Penyanyi|Manajemen|Basket|Koki
228,Tidur|Nakhoda kapal|Psikolog|Tidur|Memasak
229,Sosmed|Sosmed|Penerjemah|Berjiwa sosial|Kpopers
230,Memancing|Menggambar|Perawat|Perfeksionis|Inovatif
231,Kerja|Tidur|Kutu buku|Anak Senja|Anak Senja
232,Penulis|Grafity|Kuliner|Pramugari|Pemadam kebakaran
233,Puzzle|Patriotik|Hiking|Bernyanyi|Pemadam kebakaran
234,Grafity|Coding|Sosmed|Pemandu wisata|Kerja
235,Melukis|Diplomat|Browsing|Eksperimen|Self development
236,Cosplayer|Visioner|Multimedia|Humoris|Desainer grafis
237,Menari|Sosmed|Ahli hukum|Robotika|Pemandu wisata
238,Fotografi|Berkebun|Visioner|Penuh daya juang|Badminton
239,Fotografer|Kuliner|Tidur|Pecinta alam|Perawat
240,Memasak|Petualangan|Penari|Musisi|Basket
241,Futsal|Fashion|Bernyanyi|Voli|Binaraga
242,Robotika|Seni|Gym|Perawat|Ahli biologi
243,Desainer interior|Badminton|Kuliner|Eksperimen|Grafity
244,Poker|Introspektif|Arkeolog|Sastra|Futsal
245,Memancing|Cosplay|Sejarah|Penuh semangat|Terorganisir
246,Puzzle|Teknologi|Atlet|Psikolog|Mendaki
247,Futsal|Penari|Binaraga|Komposer|Jogging
248,Memasak|Sabar|Dubbing|Kerja|Kurator
249,Dubbing|Keibuan|Merenung|Lari|Pembuat perhiasan
250,Tidur|Sosmed|Badminton|Penari|Puzzle
251,Memasak|Menonton|Motivator|Seni|Psikolog
252,Tidur|Bernyanyi|Penata rambut|Arkeolog|Penata rambut
253,Cosplay|Bernyanyi|Puzzle|Belanja|Pemadam kebakaran
254,Memasak|Menyelam|Sulap|Fotografer|Badminton
255,Pecinta alam|Tidur|Golf|Arkeolog|Olahraga
256,Fashion|Peneliti|Sabar|Arkeolog|Content creator
257,Belajar|Ngopi|Berkebun|Binaraga|Seniman
258,Puzzle|Robotika|Perawat|Ramah|Menggambar
259,Memasak|Anak Senja|Seniman|Berenang|Menari
260,Memasak|Berenang|Rebahan|Pialang saham|Futsal
261,Menonton|Komposer|Olahraga|Penyiar radio|Film
262,Hang Out|Browsing|Sosmed|Kerja|Futsal
263,Hiking|Berjiwa sosial|Mendaki|Diplomat|Diplomat
264,Tidur|Dokter|Hang Out|Prank|Motivator
265,Membaca|Perfeksionis|Kreatif|Main kartu|Pemandu wisata
266,Menari|Basket|Anak Senja|Anak Senja|Eksperimen
267,Romantis|Bersepeda|Editor|Cosplayer|Bersepeda
268,Membaca|Rendah hati|Dubbing|Kritis|Touring
269,Penyiar radio|Aktor/Aktris|Prank|Perfeksionis|Jogging
270,Robotika|Hang Out|Ahli hukum|Lari|Jurnalis
271,Badminton|Arkeolog|Desainer interior|Billiard|Berenang
272,Berenang|Berkuda|Bisnis|Jurnalis|Ilustrator
273,Robotika|Cosplay|Pelukis|Menyanyi|Kutu buku
274,Penuh daya juang|Seniman|Independen|Sastra|Perfeksionis
275,Programmer|Berhitung|Perfeksionis|Penerjemah|Pemadam kebakaran
276,Prank|Badminton|Memasak|Binaraga|Teknologi
277,Cosplay|Ilmuwan data|Penuh semangat|Basket|Pengajar
278,Terorganisir|Main kartu|Menyelam|Diskusi|Komposer
279,Traveling|Memasak|Fotografi|Kutu buku|Koki
280,Film|Ice skating|Multimedia|Peneliti|Geolog
281,Kesehatan|Menggambar|Merokok|Penulis lagu|Disiplin
282,Membaca|Cosplay|Pengajar|Membaca|Rebahan
283,Hang Out|Bernyanyi|Desainer interior|Astronom|Independen
284,Film|Self development|Pialang saham|Melukis|Aktor/Aktris
285,Belajar|Montir mobil|Humoris|Astrografi|Gamers
286,Kpopers|Prank|Romantis|Berkebun|Fotografer
287,Trading|Ambisius|Menggambar|Astrografi|Ahli nutrisi
288,Memancing|Berkebun|Binaraga|Basket|Lari
289,Intelektual|Traveling|Humoris|Berpikir|Seniman
290,Berenang|Berdiskusi|Sabar|Anak Senja|Kecerdasan buatan
291,Desain Ui|Motivator|Berjiwa petualang|Seniman|Prank
292,Patriotik|Berenang|Cosplayer|Sejarah|Keibuan
293,Kerja|Introspektif|Sutradara|Terorganisir|Merokok
294,Prank|Desain|Menulis|Koki|Sosmed
295,Ahli nutrisi|Voli|Anak Senja|Melukis|Ramah lingkungan
296,Pet lovers|Berenang|Manajemen|Browsing|Ahli nutrisi
297,Billiard|Konservasi|Aktor/Aktris|Koki|Musisi
298,Menggambar|Sutradara|Mendaki|Ilmuwan data|Puzzle
299,Memancing|Riang|Rendah hati|Pengusaha|Berjiwa sosial
300,Komposer|Desainer grafis|Ambisius|Teknologi|Analitis
301,Memancing|Binaraga|Inovatif|Percaya diri|Belajar
302,Skena|Aktor/Aktris|Desain Ui|Berhitung|Koki
303,Memancing|Akting|Kpopers|Fotografer|Voli
304,Berhitung|Konsultan|Ambisius|Futsal|Kpopers
305,Memancing|Perfeksionis|Ice skating|Petualangan|Psikolog
306,Menari|Membaca|Touring|Ahli ekologi|Traveling
307,Bernyanyi|Film|Diskusi|Manajemen|Fleksibel
308,Olahraga|Animator|Filsafat|Penulis lagu|Berkebun
309,Menggambar|Membaca|Arkeolog|Pemandu wisata|Menulis
310,Memancing|Konsultan|Sepak bola|Dokter|Pet lovers
311,Arsitek|Basket|Motivator|Futsal|Ambisius
312,Fotografi|Inovatif|Programmer|Pendaki|Intelektual
313,Penerjemah|Bermain musik|Bermain musik|Ahli biologi|Kutu buku
314,Ice skating|Diplomat|Kecerdasan buatan|Desainer grafis|Rubik
315,Fotografer|Poker|Perfeksionis|Berkuda|Terorganisir
316,Content creator|Pecinta alam|Komposer|Berdiskusi|Model
317,Menggambar|Introspektif|Introspektif|Kesehatan|Jogging
318,Berenang|Independen|Sepak bola|Romantis|Menari
319,Jogging|Ahli biologi|Koki|Atlet|Eksperimen
320,Belajar|Dubbing|Sabar|Film|Suka menolong
321,Menyanyi|Cosplay|Dubbing|Membaca|Seniman
322,Stylist|Bekerja|Ice skating|Hang Out|Belajar
323,Wibu|Gamers|Mendengarkan musik|Humoris|Membaca
324,Desainer grafis|Seniman|Kreatif|Fleksibel|Berenang
325,Pramugari|Traveling|Self development|Berjiwa sosial|Browsing
326,Programmer|Teknologi|Gamers|Berenang|Multimedia
327,Pendaki|Berjiwa petualang|Fotografi|Bersepeda|Memancing
328,Wibu|Gamers|Mendengarkan musik|Humoris|Membaca
329,Desainer grafis|Seniman|Kreatif|Fleksibel|Berenang
330,Pramugari|Traveling|Self development|Berjiwa sosial|Browsing
331,Programmer|Teknologi|Gamers|Berenang|Multimedia
332,Pendaki|Berjiwa petualang|Fotografi|Bersepeda|Memancing
333,Futsal|Sepak bola|Voli|Olahraga|Berkuda
334,Ahli biologi|Konservasi|Pecinta alam|Browsing|Menyelam
335,Bermain musik|Musisi|Ramah|Hang Out|Kuliner
336,Pengajar|Bisnis|Ramah|Optimis|Belajar
337,Pemandu wisata|Traveling|Berjiwa petualang|Berdiskusi|Menonton
338,Cerdas|Kecerdasan buatan|Analitis|Puzzle|Browsing
339,Desain Ui|3D Modelling|Multimedia|Fotografi|Videografi
340,Sabar|Percaya diri|Self development|Berkebun|Meditasi
341,Filsafat|Intelektual|Berdiskusi|Percaya diri|Jogging
342,Manajemen|Visioner|Inovatif|Bisnis|Berjiwa sosial
343,Fotografer|Videografi|Pemandu wisata|Berjiwa sosial|Ramah
344,Poker|Bermain musik|Desain|Kritis|Percaya diri
345,Penyanyi|Dermawan|Pecinta alam|Berenang|Menonton
346,Teknologi|Programmer|Inovatif|Diskusi|Belajar
347,Ahli biologi|Ilmuwan data|Cerdas|Eksperimen|Membaca
348,Percaya diri|Penulis|Berkebun|Bersepeda|Traveling
349,Konsultan|Analitis|Manajemen|Diskusi|Optimis
350,Gym|Fleksibel|Hang Out|Menonton|Olahraga
351,Ahli hukum|Diskusi|Sosmed|Berenang|Berpikir
352,Hang Out|Pecinta alam|Fotografi|Seni|Percaya diri
353,Percaya diri|Kreatif|Budaya|Suka menolong|Berenang
354,Pramugari|Traveling|Hang Out|Ramah|Seni
355,Pecinta alam|Fotografi|Skena|Hang Out|Menonton
356,Bekerja|Ramah lingkungan|Berjiwa sosial|Desain|Percaya diri
357,Golf|Diskusi|Pialang saham|Percaya diri|Berkebun
358,Percaya diri|Kreatif|Budaya|Suka menolong|Berenang
359,Pramugari|Traveling|Hang Out|Ramah|Seni
360,Pecinta alam|Fotografi|Skena|Hang Out|Menonton
361,Bekerja|Ramah lingkungan|Berjiwa sosial|Desain|Percaya diri
362,Golf|Diskusi|Pialang saham|Percaya diri|Berkebun
363,Jurnalis|Bisnis|Percaya diri|Berjiwa sosial|Diskusi
364,Aktor/Aktris|Melukis|Kreatif|Menyanyi|Berenang
365,Penyiar radio|Teknologi|Skena|Berkuda|Berenang
366,Ahli nutrisi|Gym|Percaya diri|Berjiwa petualang|Diskusi
367,Browsing|Belajar|Percaya diri|Bekerja|Berjiwa sosial
368,Pengusaha|Ambisius|Berjiwa sosial|Desain|Berkebun
369,Trading|Pialang saham|Analitis|Optimis|Bisnis
370,Dokter|Percaya diri|Berjiwa sosial|Olahraga|Bekerja
371,Hang Out|Konservasi|Pecinta alam|Berkebun|Menonton
372,Pengajar|Multimedia|Berkuda|Desain Ui|Menjahit
373,Pemandu wisata|Berjiwa petualang|Berpikir|Percaya diri|Menonton
374,Desainer grafis|Kreatif|Hang Out|Seni|Bisnis
375,Berkebun|Menyelam|Berenang|Percaya diri|Pemandu wisata
376,Percaya diri|Menjahit|Bekerja|Seni|Desainer interior
377,Percaya diri|Berjiwa sosial|Konsultan|Bekerja|Belajar
378,Pecinta alam|Bersepeda|Traveling|Hiking|Budaya
379,Seni|Desainer grafis|Berkebun|Fotografi|Desainer interior
380,Gym|Binaraga|Olahraga|Bekerja|Kesehatan
381,Pramugari|Traveling|Jalan jalan|Hang Out|Sosmed
382,Coding|Programmer|Teknologi|Gamers|Belajar
383,Editor|Content creator|Videografi|Fotografi|Multimedia
384,Ahli hukum|Pecinta alam|Berjiwa sosial|Diskusi|Ngopi
385,Musisi|Penyanyi|Bermain musik|Kreatif|Seni
386,Berjiwa petualang|Pendaki|Traveling|Cerdas|Bersepeda
387,Peneliti|Ilmuwan data|Analitis|Kritis|Belajar
388,Aktor/Aktris|Akting|Seni|Film|Berkuda
389,Pecinta alam|Ahli biologi|Konservasi|Berkebun|Fotografi
390,Sutradara|Animator|Desain|Film|Kreatif
391,Pengusaha|Bisnis|Inovatif|Ambisius|Berpikir
392,Pecinta alam|Fotografi|Traveling|Ngopi|Berenang
393,Bisnis|Kreatif|Percaya diri|Berjiwa sosial|Berkebun
394,Pelukis|Seni|Grafity|Berkebun|Cerdas
395,Manajemen|Bisnis|Percaya diri|Berjiwa sosial|Bersepeda
396,Desainer interior|Arsitek|Desain|Seni|Traveling
397,Hang Out|Ngopi|Jalan jalan|Diskusi|Percaya diri
398,Fotografer|Videografi|Editor|Multimedia|Content creator
399,Teknologi|Programmer|Browsing|Gamers|Belajar
400,Perawat|Pemadam kebakaran|Ahli hukum|Berpikir|Bekerja
401,Gym|Olahraga|Binaraga|Bersepeda|Pecinta alam
402,Aktor/Aktris|Film|Akting|Seni|Hang Out
403,Belajar|Ahli nutrisi|Kesehatan|Gym|Pecinta alam
404,Konsultan|Bisnis|Berjiwa sosial|Percaya diri|Berkebun
405,Prank|Humoris|Diskusi|Merenung|Berenang
406,Berenang|Olahraga|Hiking|Percaya diri|Bekerja
407,Kuliner|Belanja|Jalan jalan|Berkebun|Percaya diri
408,Content creator|Gamers|Teknologi|Self development|Hang Out
409,Pecinta alam|Bersepeda|Budaya|Traveling|Fotografi
410,Penyiar radio|Musisi|Seni|Hang Out|Gamers
411,Filsafat|Berpikir|Diskusi|Sastra|Belajar
412,Ahli ekologi|Penuh semangat|Mendengarkan musik|Humoris|Membaca
413,Poker|Berjiwa petualang|Programmer|Sosmed|Menulis
414,Koki|Gym|Romantis|Berpikir|Bersepeda
415,Ilmuwan data|Optimis|Pemandu wisata|Fotografer|Gamers
416,Seniman|Percaya diri|Desain|Berenang|Traveling
417,Anak Senja|Penuh semangat|Mendengarkan musik|Humoris|Bernyanyi
418,Berjiwa petualang|Fleksibel|Traveling|Hiking|Berpikir
419,Desainer grafis|Kreatif|Bisnis|Desain|Seni
420,Pramugari|Hang Out|Menyelam|Berenang|Ngopi
421,Teknologi|Programmer|Gamers|Coding|Berkebun
422,Ilmuwan data|Analitis|Bisnis|Optimis|Belajar
423,Pecinta alam|Budaya|Fotografi|Jalan jalan|Bersepeda
424,Poker|Berhitung|Berjiwa sosial|Diskusi|Hang Out
425,Futsal|Sepak bola|Olahraga|Berkuda|Gamers
426,Desain Ui|Multimedia|Animator|Coding|Seni
427,Cosplay|Penuh semangat|Wibu|Humoris|Cosplayer
428,Desainer grafis|Kreatif|Seni|Desain|Multimedia
429,Pendaki|Berjiwa petualang|Penuh daya juang|Hiking|Pecinta alam
430,Gym|Binaraga|Olahraga|Penuh energi|Kesehatan
431,Coding|Teknologi|Gamers|Programmer|Coding
432,Cosplay|Penuh semangat|Wibu|Humoris|Cosplayer
433,Desainer grafis|Kreatif|Seni|Desain|Multimedia
434,Pendaki|Berjiwa petualang|Penuh daya juang|Hiking|Pecinta alam
435,Gym|Binaraga|Olahraga|Penuh energi|Kesehatan
436,Coding|Teknologi|Gamers|Programmer|Coding
437,Mendengarkan musik|Seniman|Musisi|Bermain musik|Kreatif
438,Pecinta alam|Berjiwa sosial|Traveling|Budaya|Berenang
439,Berkebun|Kreatif|Berpikir|Ahli biologi|Pecinta alam
440,Bisnis|Penuh energi|Inovatif|Ambisius|Berjiwa sosial
441,Pramugari|Traveling|Hang Out|Jalan jalan|Sosmed
442,Analis keamanan|Introspektif|Independen|Psikolog|Terorganisir
443,Arkeolog|Sejarah|Budaya|Pecinta alam|Petualangan
444,Astrografi|Astronom|Intelektual|Pet lovers|Cerdas
445,Atlet|Olahraga|Futsal|Sepak bola|Penuh energi
446,Badminton|Olahraga|Penuh energi|Berkebun|Berenang
447,Basket|Olahraga|Penuh energi|Bermain musik|Berjiwa petualang
448,Billiard|Olahraga|Gamers|Poker|Hang Out
449,Catur|Main kartu|Berpikir|Introspektif|Gamers
450,Curhat|Diskusi|Humoris|Berenang|Curhat
451,Diplomat|Berjiwa sosial|Berkebun|Berpikir|Pecinta alam
452,Disiplin|Terorganisir|Bekerja|Disiplin|Atlet
453,Dubbing|Aktor/Aktris|Seniman|Bermain musik|Kreatif
454,Fashion|Stylist|Model|Desain|Percaya diri
455,Geolog|Intelektual|Pendaki|Petualangan|Pecinta alam
456,Ice skating|Olahraga|Seni|Seniman|Film
457,Ilustrator|Seniman|Desain|Kreatif|Berpikir
458,Independen|Bisnis|Penuh energi|Inovatif|Ambisius
459,Introspektif|Berpikir|Cerdas|Psikolog|Diskusi
460,Keibuan|Pet lovers|Pecinta alam|Pemandu wisata|Berjiwa sosial
461,Kerja|Bekerja|Berkebun|Berjiwa petualang|Pecinta alam
462,Komposer|Musisi|Berpikir|Kreatif|Kreatif
463,Kpopers|Musisi|Seni|Cosplay|Percaya diri
464,Kurator|Seni|Desain|Inovatif|Seniman
465,Kutu buku|Sastra|Menulis|Berpikir|Budaya
466,Lari|Olahraga|Penuh energi|Penuh semangat|Berjiwa petualang
467,Main kartu|Gamers|Browsing|Riang|Berkebun
468,Memanjat|Pendaki|Berjiwa petualang|Berpikir|Disiplin
469,Memasak|Koki|Kuliner|Berkebun|Pecinta alam
470,Menari|Seni|Berjiwa petualang|Percaya diri|Optimis
471,Mendaki|Pendaki|Berjiwa petualang|Berpikir|Optimis
472,Menggambar|Seni|Ilustrator|Kreatif|Percaya diri
473,Merokok|Riang|Ngopi|Hang Out|Berpikir
474,Model|Fashion|Stylist|Percaya diri|Berjiwa sosial
475,Motivator|Berjiwa sosial|Berpikir|Ramah|Penuh semangat
476,Nakhoda kapal|Traveling|Berpikir|Disiplin|Patriotik
477,Patriotik|Cerdas|Berjiwa sosial|Optimis|Disiplin
478,Pembuat perhiasan|Seni|Kreatif|Berpikir|Percaya diri
479,Penari|Seni|Berjiwa petualang|Optimis|Penuh energi
480,Penata rambut|Fashion|Stylist|Percaya diri|Berjiwa petualang
481,Penerjemah|Berpikir|Berkebun|Membaca|Belajar
482,Penuh daya juang|Optimis|Berpikir|Kreatif|Berjiwa petualang
483,Penuh energi|Olahraga|Berjiwa sosial|Optimis|Hang Out
484,Penulis lagu|Musisi|Kreatif|Percaya diri|Kreatif
485,Perfeksionis|Kreatif|Seni|Berpikir|Desain
486,Pet lovers|Ramah|Berkebun|Pecinta alam|Hang Out
487,Petualangan|Berjiwa petualang|Berpikir|Optimis|Hang Out
488,Psikolog|Berpikir|Analitis|Diskusi|Berenang
489,Rebahan|Ramah|Film|Hang Out|Berenang
490,Rendah hati|Percaya diri|Berjiwa sosial|Optimis|Pecinta alam
491,Riang|Cerdas|Percaya diri|Kreatif|Berjiwa sosial
492,Robotika|Teknologi|Inovatif|Berpikir|Kreatif
493,Rubik|Puzzle|Analitis|Optimis|Kreatif
494,Sejarah|Membaca|Peneliti|Diskusi|Percaya diri
495,Stylist|Fashion|Seni|Percaya diri|Kreatif
496,Sulap|Humoris|Kreatif|Berpikir|Percaya diri
497,Surfing|Berjiwa petualang|Optimis|Penuh energi|Percaya diri
498,Tenis meja|Olahraga|Penuh energi|Berpikir|Kreatif
499,Terorganisir|Berpikir|Analitis|Percaya diri|Bekerja
500,Tidur|Rebahan|Ramah|Optimis|Terorganisir
501,Touring|Berjiwa petualang|Ambisius|Hang Out|Optimis
502,Montir mobil|Analitis|Teknologi|Kreatif|Berpikir
503,Yoga|Olahraga|Kesehatan|Percaya diri|Ramah
504,Hang Out|Riang|Optimis|Berjiwa sosial|Independen
505,Berkebun|Berpikir|Kreatif|Ramah|Pecinta alam
506,Menggambar|Seni|Ilustrator|Kreatif|Percaya diri
507,Merokok|Riang|Ngopi|Hang Out|Berpikir
508,Model|Fashion|Stylist|Percaya diri|Berjiwa sosial
509,Motivator|Berjiwa sosial|Berpikir|Ramah|Penuh semangat
510,Nakhoda kapal|Traveling|Berpikir|Disiplin|Patriotik
511,Patriotik|Cerdas|Berjiwa sosial|Optimis|Disiplin
512,Pembuat perhiasan|Seni|Kreatif|Berpikir|Percaya diri
513,Pet lovers|Ramah|Berkebun|Pecinta alam|Hang Out
514,Petualangan|Berjiwa petualang|Berpikir|Optimis|Hang Out
515,Psikolog|Berpikir|Analitis|Diskusi|Berenang
516,Rebahan|Ramah|Film|Hang Out|Berenang
517,Rendah hati|Percaya diri|Berjiwa sosial|Optimis|Pecinta alam
518,Riang|Cerdas|Percaya diri|Kreatif|Berjiwa sosial
519,Cosplay|Penuh semangat|Wibu|Humoris|Cosplayer
520,Mendengarkan musik|Fleksibel|Kreatif|Bisnis|Berkebun
521,Percaya diri|Penuh energi|Gym|Bermain musik|Filsafat
522,Desainer grafis|Seniman|Desain|Berjiwa petualang|Multimedia
523,Berdiskusi|Puzzle|Intelektual|Kreatif|Filsafat
524,Belajar|Konsultan|Pecinta alam|Teknologi|Self development
525,Pemandu wisata|Traveling|Sejarah|Budaya|Humoris
526,Jurnalis|Browsing|Sosmed|Fotografi|Content creator
527,Kritis|Analitis|Percaya diri|Diskusi|Penulis
528,Ahli hukum|Patriotik|Berenang|Badminton|Berkebun
529,Bekerja|Independen|Sulap|Fashion|Pengusaha
530,Golf|Pialang saham|Billiard|Trading|Visioner
531,Pramugari|Hang Out|Ngopi|Akting|Percaya diri
532,Sulap|Kutu buku|Fotografer|Pengusaha|Yoga
533,Manajemen|Bersepeda|Editor|Membaca|Budaya
534,Hiking|Belanja|Astrografi|Berpikir|Coding
535,Berkebun|Menggambar|Sepak bola|Visioner|Melukis
536,Pendaki|Kuliner|Berjiwa petualang|Rubik|Kesehatan
537,3D Modelling|Riang|Multimedia|Cosplay|Musisi
538,Keibuan|Penerjemah|Ahli biologi|Main kartu|Browsing
539,Menari|Jalan jalan|Skena|Berenang|Merenung
540,Videografi|Dubbing|Montir mobil|Bernyanyi|Menjahit
541,Penyanyi|Prank|Berkuda|Sastra|Manajemen
542,Bersepeda|Membaca|Budaya|Surfing|Penyiar radio
543,Pemadam kebakaran|Grafity|Astronom|Konservasi|Pecinta alam
544,Introspektif|Memancing|Pengajar|Terorganisir|Ahli hukum
545,Badminton|Berjiwa sosial|Arkeolog|Perawat|Ngopi
546,Memanjat|Gamers|Browsing|Menonton|Anak Senja
547,Ahli ekologi|Rendah hati|Coding|Teknologi|Traveling
548,Self development|Kerja|Content creator|Gamers|Hiking
549,Belanja|Astrografi|Berpikir|Coding|Teknologi
550,Traveling|Self development|Kerja|Content creator|Gamers
551,Hiking|Belanja|Astrografi|Berpikir|Coding
552,Budaya|Menggambar|Sepak bola|Visioner|Melukis
553,Kesehatan|3D Modelling|Riang|Multimedia|Cosplay
554,Musisi|Keibuan|Penerjemah|Ahli biologi|Main kartu
555,Browsing|Menari|Jalan jalan|Skena|Berenang
556,Videografi|Dubbing|Montir mobil|Bernyanyi|Menjahit
557,3D Modelling|Riang|Multimedia|Cosplay|Gamers
558,Keibuan|Penerjemah|Ahli biologi|Main kartu|Browsing
559,Jalan jalan|Skena|Berenang|Videografi|Dubbing
560,Pendaki|Kuliner|Berjiwa petualang|Rubik|Kesehatan
561,Coding|Teknologi|Traveling|Self development|Kerja
562,Content creator|Gamers|Hiking|Belanja|Astrografi
563,Berpikir|Coding|Teknologi|Traveling|Self development
564,Hiking|Belanja|Astrografi|Berpikir|Coding
565,Traveling|Self development|Kerja|Content creator|Gamers
566,Hiking|Belanja|Astrografi|Berpikir|Coding
567,Budaya|Menggambar|Sepak bola|Visioner|Melukis
568,Kesehatan|3D Modelling|Riang|Multimedia|Cosplay
569,Musisi|Keibuan|Penerjemah|Ahli biologi|Main kartu
570,Browsing|Menari|Jalan jalan|Skena|Berenang
571,Videografi|Dubbing|Montir mobil|Bernyanyi|Menjahit
572,3D Modelling|Riang|Multimedia|Cosplay|Gamers
573,Keibuan|Penerjemah|Ahli biologi|Main kartu|Browsing
574,Jalan jalan|Skena|Berenang|Videografi|Dubbing
575,Pendaki|Kuliner|Berjiwa petualang|Rubik|Kesehatan
576,Coding|Teknologi|Traveling|Self development|Kerja
577,Content creator|Gamers|Hiking|Belanja|Astrografi
578,Berpikir|Coding|Teknologi|Traveling|Self development
579,Basket|Percaya diri|Fleksibel|Berkebun|Gamers
580,Desainer grafis|Seniman|Kreatif|Desain|Editor
581,Pramugari|Traveling|Hang Out|Sosmed|Self development
582,Penyiar radio|Musisi|Editor|Multimedia|Berjiwa sosial
583,Belajar|Optimis|Berkebun|Pecinta alam|Sosmed
584,Percaya diri|Gamers|Desain|Seni|Penyanyi
585,Berjiwa petualang|Hang Out|Menyelam|Petualangan|Berenang
586,Bisnis|Bersepeda|Berkebun|Pecinta alam|Optimis
587,Ahli hukum|Analitis|Sosmed|Percaya diri|Berkebun
588,Berjiwa sosial|Pemandu wisata|Percaya diri|Budaya|Traveling
589,Belanja|Fashion|Kreatif|Sosmed|Hang Out
590,Ahli biologi|Konservasi|Pecinta alam|Bekerja|Traveling
591,Fotografi|Pengusaha|Berjiwa petualang|Optimis|Hang Out
592,Peneliti|Ilmuwan data|Bisnis|Analitis|Konsultan
593,Pemandu wisata|Traveling|Ramah|Berenang|Jalan jalan
594,Bisnis|Analitis|Poker|Berkebun|Pialang saham
595,Basket|Percaya diri|Berjiwa petualang|Musisi|Hang Out
596,Desain|Desainer grafis|Fotografi|Multimedia|Desain Ui
597,Puzzle|Berhitung|Optimis|Bekerja|Diskusi
598,Gym|Olahraga|Binaraga|Fleksibel|Penuh energi
599,Penulis|Kutu buku|Sastra|Membaca|Editor
600,Konsultan|Ahli hukum|Analitis|Diplomat|Terorganisir
601,Berjiwa sosial|Sosmed|Content creator|Pengusaha|Kreatif
602,Belajar|Ngopi|Browsing|Self development|Filsafat
603,Percaya diri|Stylist|Fashion|Perfeksionis|Model
604,Menjahit|Kreatif|Desainer interior|Seni|Bekerja
605,Coding|Teknologi|Programmer|Inovatif|3D Modelling
606,Meditasi|Yoga|Astrografi|Melukis|Kesehatan
607,Bersepeda|Sepak bola|Pecinta alam|Berjiwa petualang|Pendaki
608,Pengajar|Ramah|Berjiwa sosial|Terorganisir|Suka menolong
609,Surfing|Pelukis|Grafity|Memanjat|Merenung
610,Jurnalis|Menulis|Penyiar radio|Browsing|Editor
611,Gamers|Ambisius|Prank|Browsing|Hang Out
612,Keibuan|Pecinta alam|Berkuda|Pendaki|Berenang
613,Aktor/Aktris|Akting|Film|Pramugari|Berenang
614,3D Modelling|Seni|Teknologi|Berkebun|Optimis
615,Memanjat|Hang Out|Main kartu|Prank|Berjiwa petualang
616,Pecinta alam|Berjiwa sosial|Konservasi|Mendengarkan musik|Belanja
617,Kpopers|Dermawan|Fleksibel|Percaya diri|Penyanyi
618,Bisnis|Pialang saham|Trading|Analitis|Percaya diri
619,Pengusaha|Bisnis|Inovatif|Percaya diri|Berjiwa sosial
620,Sulap|Eksperimen|Multimedia|Desainer grafis|Kreatif
621,Astronom|Astrografi|Teknologi|Percaya diri|Optimis
622,Percaya diri|Poker|Browsing|Hang Out|Optimis
623,Pelukis|Fotografer|Seni|Pemandu wisata|Pecinta alam
624,Skena|Videografi|Animator|Kreatif|Bisnis
625,Ngopi|Berenang|Diskusi|Percaya diri|Ramah
626,Manajemen|Berkebun|Desainer interior|Pecinta alam|Optimis
627,Pengajar|Belajar|Sosmed|Browsing|Menulis
628,Poker|Berkebun|Golf|Bekerja|Optimis
629,Fleksibel|Cerdas|Berjiwa sosial|Bisnis|Percaya diri
630,Konsultan|Analitis|Terorganisir|Berjiwa sosial|Pendaki
631,Ahli nutrisi|Belajar|Olahraga|Pecinta alam|Berkebun
632,Jalan jalan|Pemandu wisata|Traveling|Diskusi|Berenang
633,Desain Ui|Multimedia|Kreatif|Percaya diri|Browsing
634,Suka menolong|Ramah|Optimis|Berjiwa sosial|Pecinta alam
635,Main kartu|Browsing|Belanja|Ngopi|Hang Out
636,Poker|Berjiwa petualang|Pecinta alam|Diskusi|Fleksibel
637,Teknologi|Coding|Berjiwa petualang|Browsing|Optimis
638,Ahli biologi|Pecinta alam|Konservasi|Berkebun|Berenang
639,Pemadam kebakaran|Hang Out|Olahraga|Diskusi|Patriotik
640,Grafity|Kreatif|Desainer grafis|Berkebun|Merenung
641,Pecinta alam|Hiking|Perawat|Mendengarkan musik|Berenang
642,Percaya diri|Ahli hukum|Diskusi|Optimis|Sosmed
643,Badminton|Belanja|Browsing|Percaya diri|Hang Out
644,Berjiwa sosial|Content creator|Kreatif|Diskusi|Hang Out
645,Fleksibel|Berkebun|Budaya|Berenang|Jalan jalan
646,Editor|Desain|Fotografi|Pemandu wisata|Berjiwa petualang
647,Berjiwa sosial|Desainer interior|Filsafat|Ngopi|Percaya diri
648,Menjahit|Bekerja|Fleksibel|Belajar|Percaya diri
649,Rubik|Berhitung|Puzzle|Diskusi|Optimis
650,Pendaki|Melukis|Berkebun|Percaya diri|Penuh semangat
651,Sulap|Prank|Animator|Hang Out|Kreatif
652,Browsing|Percaya diri|Desain|Hang Out|Optimis
653,Poker|Berenang|Fleksibel|Percaya diri|Hang Out
654,Hang Out|Ngopi|Berenang|Bisnis|Optimis
655,Belajar|Bekerja|Percaya diri|Kreatif|Penuh semangat
656,Teknologi|Programmer|Hang Out|Diskusi|Percaya diri
657,Pemandu wisata|Berjiwa sosial|Berenang|Desainer interior|Optimis
658,Penulis|Fotografi|Romantis|Puzzle|Percaya diri
659,Poker|Bekerja|Ahli nutrisi|Melukis|Hang Out
660,Pialang saham|Sulap|Grafity|Jogging|Ahli biologi
661,Videografi|Dubbing|Montir mobil|Belanja|Surfing
662,Bisnis|Berjiwa petualang|Hang Out|Belajar|Optimis
663,Berjiwa sosial|Gamers|Hang Out|Fleksibel|Browsing
664,Pecinta alam|Berenang|Diskusi|Percaya diri|Berkebun
665,Penyanyi|Musisi|Belajar|Berkebun|Optimis
666,Prank|Hang Out|Berenang|Filsafat|Percaya diri
667,Pengajar|Terorganisir|Ahli hukum|Badminton|Ngopi
668,Perawat|Golf|Browsing|Manajemen|Prank
669,Grafity|Astronom|Konservasi|Pecinta alam|Memanjat
670,Pengusaha|Fleksibel|Belajar|Poker|Berpikir
671,Jurnalis|Bersepeda|Editor|Mendaki|Budaya
672,Teknologi|Kreatif|Desain|Fotografi|Optimis
673,Pendaki|Berjiwa petualang|Percaya diri|Berenang|Kreatif
674,Kuliner|Bekerja|Hang Out|Belajar|Percaya diri
675,Voli|Bisnis|Percaya diri|Hang Out|Berenang
676,Berenang|Jalan jalan|Hang Out|Bisnis|Optimis
677,Surfing|Penyiar radio|Pemadam kebakaran|Grafity|Astronom
678,Curhat|Pecinta alam|Introspektif|Memanjat|Memancing
679,Pengajar|Percaya diri|Multimedia|Desain Ui|Cerdas
680,Cosplay|Kesehatan|Coding|Prank|Belanja
681,Pembuat perhiasan|Poker|Hang Out|Percaya diri|Bisnis
682,Pengusaha|Hang Out|Belajar|Bisnis|Optimis
683,Kreatif|Desainer grafis|Animator|Berjiwa sosial|Percaya diri
684,Pecinta alam|Berjiwa petualang|Berenang|Hang Out|Diskusi
685,Memanjat|Bersepeda|Hang Out|Berenang|Fleksibel
686,Desainer interior|Pemandu wisata|Berjiwa sosial|Bisnis|Optimis
687,Kuliner|Berjiwa petualang|Rubik|Jogging|Skena
688,Desainer grafis|Percaya diri|Berenang|Ahli biologi|Pialang saham
689,Menari|Filsafat|Percaya diri|Berkebun|Berjiwa sosial
690,Jalan jalan|Olahraga|Pembuat perhiasan|Cosplay|Grafity
691,Penulis|Budaya|Kreatif|Suka menolong|Ahli hukum
692,Belajar|Poker|Sosmed|Browsing|Hang Out
693,Berenang|Pemandu wisata|Diskusi|Browsing|Hang Out
694,Kuliner|Berjiwa petualang|Hang Out|Diskusi|Optimis
695,Bersepeda|Kreatif|Desainer grafis|Belajar|Hang Out
696,Pecinta alam|Berenang|Hang Out|Diskusi|Optimis
697,Poker|Diskusi|Ilustrator|Pemandu wisata|Cerdas
698,Percaya diri|Pramugari|Percaya diri|Pengusaha|Cosplayer
699,Hang Out|Konsultan|Desainer interior|Berenang|Poker
700,Percaya diri|Ice skating|Ahli nutrisi|Kreatif|Multimedia
701,Berjiwa sosial|Ahli hukum|Fotografi|Percaya diri|Pecinta alam
702,Percaya diri|Berenang|Belajar|Hang Out|Pecinta alam
703,Bersepeda|Jalan jalan|Berenang|Bisnis|Optimis
704,Pendaki|Diskusi|Hang Out|Belajar|Penuh semangat
705,Percaya diri|Kreatif|Desain|Hang Out|Berenang
706,Berenang|Diskusi|Bisnis|Percaya diri|Hang Out
707,Gym|Kpopers|Bisnis|Poker|Pecinta alam
708,Desain|Sejarah|Berjiwa sosial|Olahraga|Fotografer
709,Cerdas|Teknologi|Pecinta alam|Berenang|Bekerja
710,Poker|Sabar|Fleksibel|Percaya diri|Menjahit
711,Penyanyi|Cerdas|Percaya diri|Hang Out|Pialang saham
712,Filsafat|Berenang|Hang Out|Diskusi|Percaya diri
713,Pecinta alam|Hiking|Belajar|Diskusi|Hang Out
714,Berkebun|Pecinta alam|Berenang|Hang Out|Penuh semangat
715,Bermain musik|Berenang|Hang Out|Fleksibel|Optimis
716,Kreatif|Desainer grafis|Hang Out|Berenang|Diskusi
717,Konservasi|Filsafat|Prank|Kreatif|Pecinta alam
718,Pengusaha|Bekerja|Hang Out|Menonton|Poker
719,Ahli hukum|Pecinta alam|Bekerja|Pemandu wisata|Puzzle
720,Belanja|Menjahit|Pengusaha|Jalan jalan|Pecinta alam
721,Jogging|Pecinta alam|Pemandu wisata|Percaya diri|Pecinta alam
722,Pendaki|Pecinta alam|Hang Out|Diskusi|Optimis
723,Berkebun|Jalan jalan|Berenang|Hang Out|Bisnis
724,Berenang|Diskusi|Hang Out|Filsafat|Percaya diri
725,Berenang|Pemandu wisata|Budaya|Hang Out|Optimis
726,Pecinta alam|Berjiwa sosial|Hang Out|Berenang|Diskusi
727,Desainer interior|Hang Out|Berjiwa sosial|Olahraga|Fleksibel
728,Bersepeda|Pecinta alam|Fotografer|Pengusaha|Berjiwa sosial
729,Ramah|Budaya|Multimedia|Desain|Pecinta alam
730,Pengajar|Berjiwa petualang|Seni|Pemandu wisata|Pecinta alam
731,Grafity|Hang Out|Bekerja|Pemandu wisata|Menonton
732,Bekerja|Belajar|Hang Out|Diskusi|Optimis
733,Desain Ui|Percaya diri|Hang Out|Bisnis|Berjiwa petualang
734,Fotografer|Videografi|Kreatif|Hang Out|Berenang
735,Teknologi|Berjiwa petualang|Diskusi|Hang Out|Belajar
736,Belajar|Hang Out|Berenang|Fleksibel|Percaya diri
737,Percaya diri|Filsafat|Pecinta alam|Cerdas|Menari
738,Percaya diri|Desainer interior|Pialang saham|Hang Out|Poker
739,Seni|Percaya diri|Pengusaha|Prank|Hang Out
740,Pecinta alam|Bekerja|Berjiwa petualang|Multimedia|Kreatif
741,Pecinta alam|Hang Out|Pemandu wisata|Ramah|Percaya diri
742,Gym|Percaya diri|Fleksibel|Menjahit|Poker
743,Pecinta alam|Berjiwa sosial|Berenang|Seni|Poker
744,Percaya diri|Bisnis|Poker|Filsafat|Pecinta alam
745,Pecinta alam|Desainer grafis|Hang Out|Cerdas|Bekerja
746,Multimedia|Pecinta alam|Percaya diri|Pramugari|Poker
747,Fotografi|Pemandu wisata|Hang Out|Diskusi|Optimis
748,Desainer grafis|Animator|Hang Out|Fleksibel|Berenang
749,Berjiwa sosial|Hang Out|Diskusi|Berenang|Optimis
750,Pecinta alam|Hiking|Berjiwa petualang|Berenang|Hang Out
751,Berenang|Hang Out|Fleksibel|Percaya diri|Optimis
752,Berjiwa petualang|Pecinta alam|Pemandu wisata|Kreatif|Filsafat
753,Percaya diri|Pecinta alam|Berjiwa sosial|Desainer interior|Hang Out
754,Pecinta alam|Poker|Desainer grafis|Berenang|Kreatif
755,Cerdas|Ahli hukum|Fotografer|Hang Out|Menjahit
756,Poker|Pecinta alam|Berkebun|Hang Out|Kreatif
757,Basket|Penuh energi|Berjiwa sosial|Bersepeda|Pramugari
758,Kreatif|Desain|Editor|Pemandu wisata|Seni
759,Ilmuwan data|Analitis|Konsultan|Percaya diri|Hang Out
760,Meditasi|Filsafat|Pecinta alam|Berjiwa sosial|Berkuda
761,Cerdas|Optimis|Berhitung|Pialang saham|Bisnis
762,Percaya diri|Fashion|Model|Berkebun|Ramah
763,Teknologi|Programmer|Coding|Bisnis|Inovatif
764,Kuliner|Belanja|Memasak|Pemandu wisata|Romantis
765,Jalan jalan|Berjiwa sosial|Penuh energi|Ngopi|Hang Out
766,Fotografi|Videografi|Editor|Multimedia|Content creator
767,Fotografi|Traveling|Seni|Kreatif|Multimedia
768,Gym|Olahraga|Bekerja|Penuh energi|Berkebun
769,Poker|Gamers|Browsing|Berjiwa sosial|Ngopi
770,Basket|Futsal|Sepak bola|Olahraga|Berjiwa petualang
771,Cosplayer|Penuh semangat|Wibu|Humoris|Cosplay
772,Kuliner|Koki|Ramah|Percaya diri|Bekerja
773,Bermain musik|Penyanyi|Penuh energi|Gym|Percaya diri
774,Fotografi|Seni|Kreatif|Berkuda|Berjiwa sosial
775,Pendaki|Pecinta alam|Memanjat|Bersepeda|Optimis
776,Gamers|Penuh semangat|Bisnis|Belajar|Kreatif
777,Penulis|Berjiwa sosial|Percaya diri|Kreatif|Diskusi
778,Desainer grafis|Animator|Seniman|Kreatif|Fleksibel
779,Poker|Akting|Fashion|Berkuda|Sabar
780,Programmer|Inovatif|Analitis|Bisnis|Belajar
781,Musisi|Bermain musik|Penyanyi|Percaya diri|Kreatif
782,Percaya diri|Fashion|Berkebun|Seni|Kreatif
783,Aktor/Aktris|Seni|Film|Seni|Bermain musik
784,Bisnis|Pengusaha|Konsultan|Berpikir|Berjiwa sosial
785,Pendaki|Petualangan|Bersepeda|Memanjat|Hiking
786,Pecinta alam|Berkuda|Pet lovers|Berjiwa sosial|Hang Out
787,Desainer grafis|Kreatif|Fleksibel|Seni|Bersepeda
788,Gym|Binaraga|Futsal|Olahraga|Penuh energi
789,Memasak|Koki|Hang Out|Percaya diri|Kreatif
790,Desain|Seniman|Percaya diri|Ramah|Kreatif
791,Penyanyi|Bermain musik|Kreatif|Percaya diri|Hang Out
792,Ilmuwan data|Analitis|Percaya diri|Kritis|Inovatif
793,Pengajar|Pemandu wisata|Pecinta alam|Petualangan|Ramah
794,Poker|Berhitung|Introspektif|Analitis|Fleksibel
795,Kreatif|Seni|Desain|Fotografi|Percaya diri
796,Berkuda|Pecinta alam|Pet lovers|Seni|Hang Out
797,Gym|Binaraga|Olahraga|Penuh energi|Hang Out
798,Bisnis|Analitis|Kritis|Diskusi|Penuh daya juang
799,Penulis|Budaya|Sejarah|Percaya diri|Menulis
800,Mendengarkan musik|Bermain musik|Seni|Romantis|Hang Out
801,Psikolog|Berdiskusi|Analitis|Percaya diri|Terorganisir
802,Gamers|Hang Out|Cosplayer|Kreatif|Penuh semangat
803,Pemadam kebakaran|Berjiwa sosial|Patriotik|Petualangan|Bekerja
804,Ilmuwan data|Kecerdasan buatan|Inovatif|Penuh energi|Diskusi
805,Fotografi|Videografi|Seni|Kreatif|Hang Out
806,Pecinta alam|Surfing|Petualangan|Hang Out|Ramah
807,Pramugari|Traveling|Pemandu wisata|Touring|Penuh energi
808,Poker|Diskusi|Analitis|Percaya diri|Berhitung
809,Penulis|Sastra|Percaya diri|Kreatif|Menulis
810,Hang Out|Sosmed|Berkuda|Pecinta alam|Seni
811,Ilmuwan data|Kritis|Analitis|Percaya diri|Diskusi
812,Pemandu wisata|Touring|Petualangan|Ramah|Penuh semangat
813,Gym|Olahraga|Futsal|Penuh energi|Kreatif
814,Penyiar radio|Hang Out|Diskusi|Percaya diri|Ramah
815,Penulis|Seni|Fotografi|Kreatif|Hang Out
816,Desainer grafis|Kreatif|Fleksibel|Seni|Bersepeda
817,Berjiwa sosial|Percaya diri|Hang Out|Ramah|Penuh semangat
818,Psikolog|Diskusi|Analitis|Percaya diri|Terorganisir
819,Pemadam kebakaran|Patriotik|Petualangan|Ramah|Bekerja
820,Budaya|Sejarah|Seni|Diskusi|Percaya diri
821,Ilmuwan data|Kreatif|Analitis|Diskusi|Penuh semangat
822,Pramugari|Traveling|Hang Out|Ramah|Penuh energi
823,Pecinta alam|Surfing|Petualangan|Hang Out|Ramah
824,Penulis|Berkuda|Pemandu wisata|Budaya|Percaya diri
825,Seni|Desain|Percaya diri|Kreatif|Diskusi
826,Kreatif|Fotografi|Videografi|Seni|Hang Out
827,Pemandu wisata|Traveling|Percaya diri|Hang Out|Ramah
828,Pecinta alam|Petualangan|Hang Out|Ramah|Penuh semangat
829,Gym|Olahraga|Penuh energi|Percaya diri|Hang Out
