id,talent_tags
0,Kpopers|Olahraga|Berjiwa petualang|Badminton|Hiking
1,Seniman|Desain|Kreatif|Inovatif|Optimis
2,Kuliner|Traveling|Petualangan|Bersepeda|Kutu buku
3,Teknologi|Programmer|Inovatif|Analitis|Coding
4,Pengajar|Membaca|Ambisius|Visioner|Cerdas
5,Game|Teknologi|Optimis|Manajemen|Dermawan
6,Koki|Fotografer|Seni|Konsultan|Riang
7,Kreatif|Fotografer|Fotografi|Stylist|Rubik
8,Kuliner|Memasak|Traveling|Koki|Kritis
9,Fotografi|Fotografer|Traveling|Pialang saham|Petualangan
10,Programmer|Coding|Inovatif|Optimis|Pramugari
11,Gym|Binaraga|Olahraga|Cerdas|Jogging
12,Seni|Desain|Pengajar|Kreatif|Cerdas
13,Membaca|Penulis|Cerdas|Seni|Sastra
14,Fotografi|Traveling|Petualangan|Fashion|Filsafat
15,Programmer|Coding|Anak Senja|Kreatif|Analitis
16,Sutradara|Kreatif|Penulis|Akting|Merokok
17,Gym|Binaraga|Olahraga|Cerdas|Jogging
18,Intelektual|Kreatif|Desain|Menggambar|Menari
19,Traveling|Membaca|Petualangan|Independen|Basket
20,Pendaki|Atlet|Fotografi|Petualangan|Fleksibel
21,Pengajar|Inovatif|Teknologi|Disiplin|Intelektual
22,Berkuda|Seniman|Seni|Bisnis|Kreatif
23,Penulis|Jurnalis|Sastra|Kreatif|Cerdas
24,Traveling|Patriotik|Petualangan|Videografi|Ramah
25,Programmer|Coding|Teknologi|Inovatif|Analitis
26,Seni|Kreatif|Seniman|Visioner|Suka menolong
27,Pengajar|Motivator|Sabar|Fotografer|Meditasi
28,Musisi|Penyanyi|Psikolog|Menyanyi|Menyelam
29,Membaca|Penulis|Sastra|Kreatif|Berkebun
30,Fotografi|Fotografer|Motivator|Ramah|Visioner
31,Pendaki|Visioner|Jogging|Traveling|Petualangan
32,Olahraga|Gym|Binaraga|Cerdas|Pengajar
33,Psikolog|Desain|Kreatif|Menggambar|Inovatif
34,Membaca|Penulis|Pengajar|Sabar|Optimis
35,Seni|Fotografer|Desain|Kreatif|Analitis
36,Film|Akting|Aktor/Aktris|Kreatif|Percaya diri
37,Programmer|Coding|Teknologi|Inovatif|Ambisius
38,Musisi|Humoris|Komposer|Menjahit|Kurator
39,Fotografi|Videografi|Editor|Kreatif|Keibuan
40,Olahraga|Gym|Skena|Cerdas|Seniman
41,Penyanyi|Menyanyi|Musisi|Hiking|Wibu
42,Traveling|Pengusaha|Ilustrator|Pecinta alam|Penerjemah
43,Membaca|Penulis|Sastra|Kreatif|Intelektual
44,Programmer|Teknologi|Coding|Inovatif|Optimis
45,Filsafat|Model|Membaca|Kreatif|Sabar
46,Fotografi|Videografi|Penuh energi|Kreatif|Puzzle
47,Sabar|Pengajar|Cerdas|Intelektual|Catur
48,Olahraga|Gym|Binaraga|Cerdas|Penata rambut
49,Membaca|Penulis|Sastra|Kreatif|Riang
50,Desain|Seni|Ilustrator|Ilustrator|Kreatif
51,Film|Akting|Sutradara|Kreatif|Menyanyi
52,Programmer|Teknologi|Coding|Inovatif|Robotika
53,Fotografi|Penyiar radio|Mendengarkan musik|Kreatif|Penyiar radio
54,Fotografer|Berenang|Pramugari|Koki|Pemadam kebakaran
55,Psikolog|Yoga|Cerdas|Ahli biologi|Seniman
56,Seni|Film|Akting|Kreatif|Filsafat
57,Teknologi|Programmer|Inovatif|Coding|Analitis
58,Musisi|Diskusi|Penyanyi|Menyanyi|Komposer
59,3D Modelling|Ilustrator|Kreatif|Desain|Menggambar
60,Penulis|Membaca|Sastra|Kreatif|Intelektual
61,Pengajar|Sabar|Psikolog|Bekerja|Disiplin
62,Gym|Skena|Disiplin|Ambisius|Montir mobil
63,Olahraga|Traveling|Prank|Wibu|Menonton
64,Videografi|Kreatif|Independen|Bekerja|Intelektual
65,Tidur|Arsitek|Kreatif|Memanjat|Meditasi
66,Membaca|Pengajar|Sabar|Disiplin|Ambisius
67,Seni|Kreatif|Akting|Desainer grafis|Ambisius
68,Desain|Ilustrator|Kerja|Kreatif|Bekerja
69,Peneliti|Intelektual|Teknologi|Bekerja|Perawat
70,Yoga|Disiplin|Robotika|Bermain musik|Binaraga
71,Programmer|Coding|Inovatif|Teknologi|Ramah
72,Pengajar|Disiplin|Memanjat|Ramah|Sabar
73,Fotografer|Traveling|Fotografer|Olahraga|Manajemen
74,Penulis|Sastra|Kreatif|Seni|Ramah
75,Animator|Belanja|Kreatif|Bekerja|Fleksibel
76,Pelukis|Seni|Kreatif|Ramah|Kurator
77,Psikolog|Ramah|Pemadam kebakaran|Humoris|Kritis
78,Penyanyi|Musisi|Sastra|Skena|Ahli biologi
79,Dokter|Kesehatan|Ramah|Sabar|Disiplin
80,Gym|Disiplin|Kesehatan|Ramah|Sabar
81,Pembuat perhiasan|Kreatif|Ramah|Memanjat|Optimis
82,Astronom|Astrografi|Intelektual|Cerdas|Ambisius
83,Arkeolog|Fashion|Desain|Kreatif|Ambisius
84,Koki|Memasak|Kreatif|Cerdas|Ramah
85,Kreatif|Percaya diri|Trading|Ahli ekologi|3D Modelling
86,Pengajar|Bisnis|Konsultan|Kreatif|Disiplin
87,Penulis|Kreatif|Sastra|Disiplin|Penulis lagu
88,Film|Editor|Sutradara|Penulis|Kreatif
89,Bisnis|Motivator|Konsultan|Kutu buku|Optimis
90,Penulis|Kreatif|Film|Disiplin|Akting
91,Editor|Kreatif|Perfeksionis|Disiplin|Ramah
92,Pengajar|Yoga|Sabar|Disiplin|Cerdas
93,Penulis|Traveling|Kreatif|Ahli biologi|Skena
94,Fotografer|Editor|Fotografi|Ramah|Fotografi
95,Peneliti|Intelektual|Ambisius|Cerdas|Dermawan
96,Arkeolog|Arsitek|Kreatif|Bekerja|Cerdas
97,Pengajar|Seni|Kreatif|Cerdas|Intelektual
98,Inovatif|Coding|Programmer|Bekerja|Traveling
99,Kreatif|Membaca|Patriotik|Rebahan|Kurator
100,Konsultan|Prank|Ramah|Visioner|Cerdas
101,Kreatif|Penata rambut|Visioner|Bekerja|Menjahit
102,Suka menolong|Arsitek|Kreatif|Ilmuwan data|Penulis
103,Pengajar|Seni|Kreatif|Disiplin|Ambisius
104,Inovatif|Coding|Programmer|Kreatif|Ambisius
105,Inovatif|Peneliti|Intelektual|Ambisius|Analitis
106,Pengajar|Penerjemah|Budaya|Intelektual|Cerdas
107,Pengajar|Olahraga|Yoga|Disiplin|Ramah
108,Konsultan|Teknologi|Visioner|Ramah|Intelektual
109,Lari|Musisi|Kreatif|Ambisius|Memancing
110,Coding|Programmer|Film|Inovatif|Kreatif
111,Animator|Kreatif|Bekerja|Mendaki|Optimis
112,Pengajar|Disiplin|Sabar|Komposer|Ramah
113,Programmer|Coding|Inovatif|Bekerja|Riang
114,Konsultan|Bisnis|Visioner|Cerdas|Montir mobil
115,Pengajar|Sabar|Diskusi|Disiplin|Desain
116,Menggambar|Kuliner|Memasak|Perfeksionis|Kritis
117,Penulis|Peneliti|Intelektual|Kritis|Perfeksionis
118,Pengajar|Olahraga|Cerdas|Sabar|Disiplin
119,Programmer|Teknologi|Intelektual|Kritis|Perfeksionis
120,Seniman|Musisi|Kreatif|Pemadam kebakaran|Pemandu wisata
121,Programmer|Inovatif|Coding|Bekerja|Fleksibel
122,Independen|Budaya|Penerjemah|Badminton|Cerdas
123,Penyanyi|Menyanyi|Musisi|Prank|Riang
124,Konsultan|Berkebun|Bisnis|Visioner|Humoris
125,Sejarah|Kreatif|Intelektual|Menggambar|Akting
126,Programmer|Coding|Kreatif|Inovatif|Humoris
127,Peneliti|Konservasi|Romantis|Independen|Ambisius
128,Psikolog|Seni|Kesehatan|Intelektual|Optimis
129,Pengajar|Musisi|Prank|Kreatif|Komposer
130,Content creator|Coding|Main kartu|Intelektual|Bekerja
131,Surfing|Arkeolog|Kreatif|Disiplin|Ramah
132,Desain|Kreatif|Dubbing|Ramah|Humoris
133,Pengajar|Bekerja|Eksperimen|Disiplin|Cerdas
134,Peneliti|Teknologi|Inovatif|Kreatif|Intelektual
135,Desain|Kreatif|Inovatif|Kerja|Menggambar
136,Bisnis|Konsultan|Analitis|Visioner|Cerdas
137,Editor|Ramah|Bekerja|Coding|Kreatif
138,Intelektual|Peneliti|Prank|Cerdas|Konsultan
139,Animator|Seniman|Kreatif|Ramah|Ambisius
140,Dokter|Peneliti|Kesehatan|Intelektual|Desainer interior
141,Pengajar|Fotografi|Fotografer|Perfeksionis|Optimis
142,Dokter|Intelektual|Ramah|Peneliti|Kesehatan
143,Pengajar|Budaya|Sabar|Disiplin|Cerdas
144,Dokter|Kesehatan|Intelektual|Perfeksionis|Disiplin
145,Teknologi|Visioner|Inovatif|Diplomat|Analitis
146,Programmer|Kreatif|Coding|Inovatif|Bekerja
147,Peneliti|Teknologi|Kpopers|Perfeksionis|Intelektual
148,Kurator|Seni|Game|Riang|Rebahan
149,Programmer|Coding|Inovatif|Perfeksionis|Analitis
150,Penulis|Cerdas|Humoris|Sastra|Kreatif
151,Sulap|Programmer|Coding|Ramah lingkungan|Teknologi
152,Pengajar|Kesehatan|Olahraga|Disiplin|Humoris
153,Browsing|Seni|Kreatif|Inovatif|Ramah
154,Teknologi|Programmer|Independen|Perfeksionis|Inovatif
155,Konsultan|Bisnis|Visioner|Intelektual|Humoris
156,Pengajar|Yoga|Sabar|Kesehatan|Disiplin
157,Astronom|Peneliti|Intelektual|Dermawan|Introspektif
158,Pengajar|Melukis|Seni|Seniman|Disiplin
159,Editor|Membaca|Penulis|Kreatif|Perfeksionis
160,Sutradara|Kreatif|Arsitek|Inovatif|Ramah
161,Konsultan|Bisnis|Visioner|Intelektual|Humoris
162,Perfeksionis|Programmer|Coding|Inovatif|Kreatif
163,Konservasi|Konsultan|Visioner|Intelektual|Humoris
164,Geolog|Peneliti|Intelektual|Dermawan|Introspektif
165,Inovatif|Programmer|Kreatif|Humoris|Bekerja
166,Manajemen|Konsultan|Visioner|Intelektual|Terorganisir
167,Peneliti|Intelektual|Analitis|Patriotik|Introspektif
168,Konsultan|Psikolog|Touring|Visioner|Pengusaha
169,Browsing|Game|Humoris|Kritis|Independen
170,Konsultan|Visioner|Bisnis|Ramah|Curhat
171,Programmer|Teknologi|Coding|Perfeksionis|Ramah
172,Pengajar|Disiplin|Sastra|Sabar|Romantis
173,Memanjat|Desainer interior|Kreatif|Ramah|Humoris
174,Programmer|Perfeksionis|Analitis|Cerdas|Disiplin
175,Penyanyi|Sastra|Kreatif|Atlet|Ramah
176,Kpopers|Olahraga|Yoga|Ramah|Riang
177,Game|Coding|Film|Humoris|Kritis
178,Kuliner|Traveling|Fotografi|Kritis|Humoris
179,Fashion|Dermawan|Seni|Perfeksionis|Ramah
180,Olahraga|Musisi|Pendaki|Ramah|Mendengarkan musik
181,Membaca|Robotika|Sastra|Robotika|Ramah
182,Teknologi|Desain|Videografi|Kreatif|Inovatif
183,Pengajar|Sabar|Traveling|Ramah|Stylist
184,Programmer|3D Modelling|Teknologi|Kreatif|Coding
185,Film|Akting|Penulis|Kreatif|Ramah
186,Pendaki|Fotografi|Animator|Ramah|Fleksibel
187,Kuliner|Ramah lingkungan|Traveling|Basket|Menjahit
188,Seni|Bekerja|Humoris|Kreatif|Ramah
189,Peneliti|Astronom|Perfeksionis|Bekerja|Visioner
190,Fashion|Patriotik|Kreatif|Ramah|Skena
191,Fotografi|Tidur|Budaya|Fotografer|Ramah
192,Musisi|Penyanyi|Psikolog|Kreatif|Ramah
193,Coding|Menonton|Analitis|Binaraga|Prank
194,Pengajar|Yoga|Meditasi|Kesehatan|Sabar
195,Pelukis|Konservasi|Fotografi|Inovatif|Humoris
196,Penulis|Jurnalis|Pengajar|Kreatif|Ramah
197,Seni|Berjiwa petualang|Fotografi|Kreatif|Ramah
198,Berdiskusi|Penulis|Kreatif|Ramah|Berkuda
199,Pelukis|Seni|Kreatif|Penulis|Penuh semangat
200,Hiking|Arsitek|Desainer grafis|Kreatif|Inovatif
201,3D Modelling|Sejarah|Coding|Ramah|Mendaki
202,Seni|Kreatif|Terorganisir|Kreatif|Yoga
203,Animator|Berdiskusi|Kreatif|Ramah|Atlet
204,Pengajar|Penerjemah|Budaya|Ramah|Berhitung
205,Komposer|Musisi|Kreatif|Bekerja|Visioner
206,Seni|Seniman|Bekerja|Kreatif|Sabar
207,Pengajar|Gym|Kesehatan|Disiplin|Desainer grafis
208,Penulis|Akting|Kreatif|Ramah|Merenung
209,Programmer|Coding|Desain|Kreatif|Independen
210,Pengajar|Bisnis|Manajemen|Disiplin|Visioner
211,Penulis|Sastra|Berhitung|Kreatif|Intelektual
212,Programmer|Coding|Inovatif|Penata rambut|Teknologi
213,Bekerja|Fashion|Kreatif|Ramah|Voli
214,Peneliti|Kesehatan|Inovatif|Dokter|Analitis
215,Videografi|Ahli ekologi|Kreatif|Inovatif|Multimedia
216,Desain|Arsitek|Konservasi|Bersepeda|Kreatif
217,Pelukis|Seni|Billiard|Seniman|Kreatif
218,Pengajar|Musisi|Cosplayer|Kreatif|Sabar
219,Pengajar|Mendengarkan musik|Teknologi|Coding|Inovatif
220,Pengajar|Yoga|Meditasi|Kesehatan|Ramah
221,Petualangan|Menggambar|Traveling|Catur|Kreatif
222,Editor|Animator|Perfeksionis|Videografi|Kreatif
223,Psikolog|Ramah|Ramah|Memanjat|Teknologi
224,Teknologi|Bisnis|Desain|Kreatif|Independen
225,Humoris|Konservasi|Disiplin|Bermain musik|Peneliti
226,Fashion|Seniman|Desain|Kreatif|Berenang
227,Seniman|Kurator|Kritis|Analitis|Perfeksionis
228,Programmer|Coding|Teknologi|Inovatif|Ambisius
229,Penulis|Dubbing|Kreatif|Inovatif|Teknologi
230,Pengajar|Seni|Kreatif|Teknologi|Motivator
231,Kuliner|Koki|Traveling|Kritis|Perfeksionis
232,Ilustrator|Seni|Berjiwa petualang|Ambisius|Kreatif
233,Fotografer|Ambisius|Kuliner|Editor|Kreatif
234,Programmer|Coding|Teknologi|Inovatif|Ambisius
235,Programmer|Introspektif|Belanja|Peneliti|Intelektual
236,Seniman|Seni|Kreatif|Seniman|Humoris
237,Penyanyi|Musisi|Pengajar|Belanja|Ramah
238,Programmer|Perfeksionis|Animator|Kreatif|Humoris
239,Pengajar|Lari|Eksperimen|Analitis|Kritis
240,Musisi|Berkuda|Seni|Kreatif|Berenang
241,Film|Riang|Kreatif|Kutu buku|Content creator
242,Teknologi|Coding|Programmer|Inovatif|Visioner
243,Fashion|Inovatif|Desain|Kreatif|Visioner
244,Romantis|Bekerja|Inovatif|Catur|Bekerja
245,Seni|Seniman|Kreatif|Melukis|Menggambar
246,Kreatif|Psikolog|Fotografi|Skena|Konservasi
247,Sejarah|Traveling|Arkeolog|Seni|Pengusaha
248,Komposer|Seni|Konservasi|Kreatif|Montir mobil
249,Astronom|Peneliti|Intelektual|Analitis|Cerdas
250,Kuliner|Musisi|Game|Kritis|Prank
251,Traveling|Seni|Olahraga|Mendaki|Penyiar radio
252,Teknologi|Programmer|Membaca|Coding|Humoris
253,Fashion|Bekerja|Musisi|Desain|Kreatif
254,Olahraga|Game|Traveling|Bermain musik|Humoris
255,Musisi|Seni|Teknologi|Humoris|Cosplayer
256,Kuliner|Traveling|Olahraga|Kritis|Pramugari
257,Bekerja|Fashion|Membaca|Seni|Suka menolong
258,Programmer|Teknologi|Game|Coding|Ambisius
259,Olahraga|Musisi|Seni|Budaya|Riang
260,Fashion|Seni|Traveling|Desain|Kreatif
261,Membaca|Programmer|Teknologi|Berpikir|Ambisius
262,Olahraga|Musisi|Bekerja|Kreatif|Kesehatan
263,Traveling|Kuliner|Seni|Independen|Sejarah
264,Game|Teknologi|Olahraga|Programmer|Inovatif
265,Olahraga|Fashion|Musisi|Disiplin|Ambisius
266,Seni|Bekerja|Traveling|Kreatif|Visioner
267,Programmer|Teknologi|Membaca|Visioner|Coding
268,Kuliner|Olahraga|Fashion|Kreatif|Kritis
269,Game|Musisi|Teknologi|Desain|Komposer
270,Membaca|Bekerja|Seni|Berjiwa petualang|Ilustrator
271,Olahraga|Traveling|Musisi|Ahli hukum|Menonton
272,Fashion|Teknologi|Game|Inovatif|Kreatif
273,Bekerja|Olahraga|Membaca|Kreatif|Peneliti
274,Seni|Musisi|Teknologi|Kreatif|Inovatif
275,Musisi|Game|Seni|Kreatif|Inovatif
276,Kuliner|Bekerja|Olahraga|Kritis|Jogging
277,Traveling|Teknologi|Fashion|Sastra|Kreatif
278,Membaca|Seni|Traveling|Ngopi|Menggambar
279,Teknologi|Game|Bekerja|Seni|Inovatif
280,Game|Olahraga|Seni|Ambisius|Pramugari
281,Bekerja|Traveling|Musisi|Kreatif|Kecerdasan buatan
282,Teknologi|Membaca|Fashion|Inovatif|Kreatif
283,Olahraga|Seni|Traveling|Belanja|Ngopi
284,Fashion|Game|Traveling|Kreatif|Inovatif
285,Musisi|Olahraga|Teknologi|Pet lovers|Inovatif
286,Seni|Bekerja|Game|Kreatif|Ilustrator
287,Traveling|Fashion|Membaca|Film|Terorganisir
288,Olahraga|Teknologi|Musisi|Inovatif|Terorganisir
289,Membaca|Fashion|Bekerja|Kreatif|Anak Senja
290,Pendaki|Penata rambut|Fotografi|Membaca|Traveling
291,Programmer|Teknologi|Game|Coding|Inovatif
292,Desain|Seni|Ambisius|Kreatif|Seniman
293,Kesehatan|Yoga|Pengajar|Disiplin|Sabar
294,Musisi|Penyanyi|Seni|Main kartu|Futsal
295,Pengajar|Analitis|Budaya|Sabar|Optimis
296,Voli|Arsitek|Seni|Kreatif|Petualangan
297,Kpopers|Traveling|Kreatif|Catur|Ilmuwan data
298,Fotografer|Fotografi|Bekerja|Disiplin|Perfeksionis
299,Koki|Kuliner|Perfeksionis|Disiplin|Nakhoda kapal
300,Penulis|Membaca|Sastra|Kreatif|Dermawan
301,Programmer|Coding|Teknologi|Inovatif|Dermawan
302,Konservasi|Traveling|Penerjemah|Traveling|Pramugari
303,Pengusaha|Bisnis|Inovatif|Bekerja|Inovatif
304,Desain|Fashion|Seni|Kreatif|Perfeksionis
305,Animator|Seni|Film|Membaca|Perfeksionis
306,Psikolog|Kesehatan|Ramah|Astrografi|Independen
307,Programmer|Coding|Inovatif|Ahli nutrisi|Teknologi
308,Kreatif|Kreatif|Sosmed|Disiplin|Cerdas
309,Ambisius|Olahraga|Pramugari|Eksperimen|Ramah
310,Ilustrator|Seni|Membaca|Surfing|Cerdas
311,Terorganisir|Traveling|Sejarah|Ramah|Futsal
312,Cosplay|Penerjemah|Konservasi|Kerja|Ambisius
313,Pengajar|Yoga|Kesehatan|Meditasi|Ambisius
314,Penari|Seni|Kreatif|Ambisius|Cerdas
315,Editor|Kreatif|Diskusi|Cerdas|Videografi
316,Dokter|Kesehatan|Ramah|Intelektual|Akting
317,Animator|Ngopi|Poker|Kreatif|Ambisius
318,Psikolog|Kesehatan|Ramah|Curhat|Kreatif
319,Peneliti|Intelektual|Inovatif|Cerdas|Ambisius
320,Seni|Akting|Kreatif|Ambisius|Bekerja
321,Programmer|Coding|Teknologi|Inovatif|Humoris
322,Penulis|Musisi|Kreatif|Komposer|Kreatif
323,Pengajar|Programmer|Teknologi|Programmer|Cerdas
324,Astronom|Intelektual|Peneliti|Ambisius|Bekerja
325,Budaya|Humoris|Penerjemah|Ramah|Kerja
326,Coding|Programmer|Film|Kreatif|Inovatif
327,Konsultan|Bisnis|Visioner|Berkuda|Independen
328,Konsultan|Montir mobil|Ramah|Menulis|Terorganisir
329,Seniman|Seni|Desain|Kreatif|Ramah
330,Kreatif|Fashion|Desain|Ramah|Perfeksionis
331,Ambisius|Intelektual|Peneliti|Eksperimen|Terorganisir
332,Pengajar|Jalan jalan|Seni|Kreatif|Terorganisir
333,Kritis|Mendengarkan musik|Teknologi|Analitis|Humoris
334,Koki|Seni|Kreatif|Desain|Ambisius
335,Psikolog|Kesehatan|Musisi|Bekerja|Ramah
336,Animator|Intelektual|Film|Kreatif|Disiplin
337,Pengajar|Kesehatan|Pengajar|Yoga|Cerdas
338,Peneliti|Berjiwa sosial|Budaya|Ramah|Intelektual
339,Penuh daya juang|Meditasi|Cerdas|Catur|Patriotik
340,Editor|Membaca|Perfeksionis|Sastra|Ambisius
341,Konsultan|Bisnis|Manajemen|Visioner|Bekerja
342,Pengajar|Olahraga|Geolog|Kesehatan|Disiplin
343,Peneliti|Bermain musik|Konservasi|Film|Disiplin
344,Koki|Kuliner|Disiplin|Menonton|Cerdas
345,Fotografer|Arsitek|Seni|Desain|Kreatif
346,Programmer|Teknologi|Coding|Ramah|Humoris
347,Seniman|Seni|Cosplay|Berenang|Manajemen
348,Konsultan|Kesehatan|Dokter|Pemadam kebakaran|Ramah
349,Editor|Videografi|Kreatif|Anak Senja|Perfeksionis
350,Teknologi|Seni|Pecinta alam|Menggambar|Kreatif
351,Peneliti|Dokter|Kesehatan|Intelektual|Ambisius
352,Seniman|Seni|Desain|Ramah|Optimis
353,Mendaki|Kesehatan|Dokter|Ambisius|Surfing
354,Animator|Hang Out|Film|Kreatif|Ahli nutrisi
355,Konsultan|Teknologi|Ice skating|Coding|Perfeksionis
356,Pelukis|Seni|Seniman|Kreatif|Desain Ui
357,Programmer|Coding|Inovatif|Perfeksionis|Teknologi
358,Peneliti|Self development|Inovatif|Pengajar|Ramah
359,Coding|Mendaki|Teknologi|Inovatif|Humoris
360,Visioner|Manajemen|Terorganisir|Inovatif|Ramah
361,Pecinta alam|Arsitek|Desain|Kreatif|Binaraga
362,Pengajar|Menjahit|Budaya|Ramah|Disiplin
363,Peneliti|Teknologi|Inovatif|Patriotik|Independen
364,Robotika|Teknologi|Inovatif|Motivator|Coding
365,Konsultan|Bisnis|Manajemen|Ramah|Humoris
366,Coding|Menyanyi|Teknologi|Inovatif|Ambisius
367,Kritis|Film|Seni|Perfeksionis|Disiplin
368,Pengajar|Musisi|Hang Out|Seni|Kreatif
369,Desain|Seni|Kreatif|Ramah|Independen
370,Fashion|Sejarah|Independen|Ramah|Humoris
371,Programmer|Kreatif|Desain|Coding|Humoris
372,Pengajar|Yoga|Kesehatan|Humoris|Disiplin
373,Peneliti|Teknologi|Sosmed|Intelektual|Inovatif
374,Analitis|Bisnis|Berpikir|Visioner|Humoris
375,Seniman|Seni|Kreatif|Dermawan|Terorganisir
376,Konsultan|Terorganisir|Analitis|Cerdas|Intelektual
377,Perfeksionis|Programmer|Coding|Kritis|Teknologi
378,Kritis|Sastra|Membaca|Menulis|Kuliner
379,Desain|Seni|Pialang saham|Kreatif|Film
380,Tidur|Traveling|Kuliner|Memasak|Ramah
381,Programmer|Coding|Teknologi|Inovatif|Terorganisir
382,Penulis|Teknologi|Jurnalis|Visioner|Riang
383,Pengajar|Atlet|Olahraga|Kesehatan|Ramah
384,Pengajar|Surfing|Budaya|Kreatif|Ramah
385,Peneliti|Seni|Dermawan|Independen|Perfeksionis
386,Analitis|Bisnis|Manajemen|Menyelam|Cerdas
387,Seniman|Multimedia|Memasak|Kreatif|Seni
388,Konsultan|Ramah|Kesehatan|Diskusi|Game
389,Seni|Arsitek|Desain|Kreatif|Terorganisir
390,Pengajar|Ramah|Kesehatan|Yoga|Disiplin
391,Programmer|Coding|Inovatif|Teknologi|Desain
392,Peneliti|Penyanyi|Konservasi|Fashion|Intelektual
393,Kurator|Seni|Budaya|Ambisius|Kritis
394,Desain|Seni|Kreatif|Intelektual|Ramah
395,Self development|Ramah|Seni|Kreatif|Ambisius
396,Pengajar|Tenis meja|Teknologi|Inovatif|Coding
397,Peneliti|Aktor/Aktris|Budaya|Intelektual|Dermawan
398,Pengajar|Film|Cosplay|Seni|Multimedia
399,Peneliti|Dokter|Eksperimen|Intelektual|Ambisius
400,Animator|Seni|Koki|Film|Kreatif
401,Inovatif|Coding|Kreatif|Montir mobil|Inovatif
402,Pengajar|Kesehatan|Intelektual|Disiplin|Perfeksionis
403,Peneliti|Teknologi|Intelektual|Ramah|Perfeksionis
404,Psikolog|Seni|Billiard|Bermain musik|Astrografi
405,Stylist|Hiking|Rebahan|Ramah|Optimis
406,Berenang|Teknologi|Coding|Game|Dermawan
407,Kritis|Musisi|Seni|Perfeksionis|Ambisius
408,Peneliti|Penuh semangat|Konservasi|Desainer interior|Intelektual
409,Sulap|Teknologi|Coding|Inovatif|Cerdas
410,Sulap|Kuliner|Bermain musik|Ramah|Humoris
411,Ambisius|Teknologi|Coding|Inovatif|Humoris
412,Seniman|Fotografer|Seni|Fotografi|Kreatif
413,Pengajar|Disiplin|Perfeksionis|Intelektual|Disiplin
414,Intelektual|Coding|Teknologi|Inovatif|Visioner
415,Desain|Seni|Kreatif|Riang|Independen
416,Basket|Sejarah|Ambisius|Cerdas|Ramah
417,Teknologi|Programmer|Coding|Perfeksionis|Inovatif
418,Kritis|Sastra|Membaca|Perfeksionis|3D Modelling
419,Robotika|Teknologi|Inovatif|Coding|Menulis
420,Konsultan|Bisnis|Manajemen|Ramah|Independen
421,Pengajar|Musisi|Gym|Seni|Seniman
422,Kritis|Film|Seni|Perfeksionis|Ambisius
423,Pengajar|Yoga|Kesehatan|Pengajar|Ramah
424,Memanjat|Teknologi|Desain|Kreatif|Cerdas
425,Bersepeda|Astronom|Seni|Ramah|Surfing
426,Programmer|Coding|Inovatif|Teknologi|Ambisius
427,Peneliti|Desainer grafis|Konservasi|Wibu|Ambisius
428,Pengajar|Perfeksionis|Ramah|Disiplin|Curhat
429,Programmer|Kreatif|Teknologi|Coding|Desain
430,Melukis|Arsitek|Desain|Kreatif|Kerja
431,Bisnis|Petualangan|Berhitung|Optimis|Independen
432,Peneliti|Intelektual|Cerdas|Ahli nutrisi|Ramah
433,Kritis|Seni|Fashion|Perfeksionis|Ilustrator
434,Pengajar|Komposer|Menyanyi|Riang|Ramah
435,Desain|Seni|Trading|Kreatif|Ramah
436,Kutu buku|Perfeksionis|Sabar|Sejarah|Optimis
437,Optimis|Teknologi|Coding|Grafity|Optimis
438,Kritis|Kuliner|Seni|Perfeksionis|Kpopers
439,Kpopers|Olahraga|Musisi|Penulis|Yoga
440,Film|Seni|Traveling|Kreatif|Membaca
441,Kuliner|Traveling|Fotografi|Ramah|Kritis
442,Teknologi|Game|Programmer|Inovatif|Cerdas
443,Fashion|Traveling|Ambisius|Kritis|Kreatif
444,Pengajar|Olahraga|Tenis meja|Ahli nutrisi|Ramah
445,Musisi|Pengajar|Seni|Cerdas|Ramah
446,Fotografi|Seni|Traveling|Kreatif|Cerdas
447,Penulis|Membaca|Pengajar|Cerdas|Kreatif
448,Teknologi|Coding|Programmer|Kreatif|Ramah
449,Kuliner|Traveling|Kpopers|Kritis|Budaya
450,Seni|Pengajar|Fotografi|Fotografer|Kritis
451,Game|Desain Ui|Teknologi|Humoris|Ramah
452,Traveling|Pengajar|Penuh semangat|Ramah|Humoris
453,Musisi|Penyanyi|Seni|Kreatif|Surfing
454,Pengajar|Programmer|Teknologi|Ramah|Coding
455,Olahraga|Pengajar|Gym|Kesehatan|Diplomat
456,Film|Sutradara|Kreatif|Cerdas|Optimis
457,Penulis|Membaca|Prank|Cerdas|Kreatif
458,Teknologi|Coding|Sepak bola|Inovatif|Coding
459,Fashion|Model|Seni|Perfeksionis|Film
460,Musisi|Film|Pengajar|Kreatif|Seniman
461,Olahraga|Seni|Gym|Tenis meja|Ramah
462,Seni|Arsitek|Ilustrator|Kreatif|Ramah
463,Pengajar|Penuh semangat|Budaya|Ramah|Catur
464,Teknologi|Coding|Sabar|Inovatif|Ambisius
465,Film|Penulis|Kreatif|Sutradara|Kreatif
466,Pengajar|Ramah|Desain|Cerdas|Kreatif
467,Seni|Pelukis|Melukis|Motivator|Ambisius
468,Musisi|Kreatif|Komposer|Inovatif|Cerdas
469,Traveling|Jurnalis|Musisi|Membaca|Fleksibel
470,Olahraga|Atlet|Ambisius|Ramah|Kpopers
471,Teknologi|Programmer|Coding|Inovatif|Penulis lagu
472,Seni|Stylist|Kreatif|Ramah|Perfeksionis
473,Pengajar|Ramah|Penulis lagu|Cerdas|Intelektual
474,Fashion|Stylist|Model|Pengusaha|Ramah
475,Teknologi|Ramah|Penari|Programmer|Ambisius
476,Pengajar|Sejarah|Atlet|Ramah|Disiplin
477,Seni|Pengajar|Penari|Kreatif|Ramah
478,Traveling|Videografi|Desain Ui|Ilustrator|Ramah
479,Olahraga|Pengajar|Gym|Bermain musik|Ramah
480,Film|Editor|Perfeksionis|Kreatif|Cerdas
481,Pengajar|Pengusaha|Ramah|Inovatif|Disiplin
482,Seni|Seniman|Kreatif|Ramah|Ambisius
483,Pengajar|Billiard|Menyelam|Cerdas|Ramah
484,Musisi|Sabar|Komposer|Kreatif|Ramah
485,Teknologi|Programmer|Desain|Coding|Game
486,Fashion|Desain|Bekerja|Kreatif|Cerdas
487,Pengajar|Budaya|Montir mobil|Ramah|Cerdas
488,Olahraga|Pengajar|Riang|Dermawan|Ramah
489,Film|Aktor/Aktris|Model|Ambisius|Kreatif
490,Teknologi|Coding|Programmer|Bernyanyi|Gym
491,Seni|Fotografer|Fotografi|Ambisius|Bekerja
492,Pengajar|Musisi|Patriotik|Sabar|Ramah
493,Olahraga|Badminton|Pengajar|Ramah|Cerdas
494,Fashion|Model|Desain|Kreatif|Cerdas
495,Teknologi|Coding|Romantis|Kreatif|Programmer
496,Pengajar|Budaya|Lari|Ramah|Pembuat perhiasan
497,Seniman|Kreatif|Seni|Cerdas|Humoris
498,Musisi|Belanja|Komposer|Inovatif|Ramah
499,Olahraga|Basket|Pengajar|Cerdas|Ramah
500,Teknologi|Programmer|Coding|Inovatif|Visioner
501,Seni|Desain|Cerdas|Inovatif|Kreatif
502,Pengajar|Ramah|Jogging|Cerdas|Self development
503,Film|Sutradara|Penulis|Kreatif|Ambisius
504,Fashion|Model|Stylist|Perfeksionis|Kreatif
505,Teknologi|Programmer|Coding|Cerdas|Kreatif
506,Olahraga|Pengajar|Ramah|Ambisius|Petualangan
507,Seni|Ilustrator|Kreatif|Seniman|Ramah
508,Musisi|Menyanyi|Penyanyi|Ramah|Kreatif
