talent_id,tags,talent_description
a1b2c3d4-e5f6-47df-bc6c-7890g1h2i3j4,"Teknologi|Musik","Saya selalu mengikuti perkembangan terbaru dalam teknologi, sangat tertarik dengan gadget canggih. Saya juga seorang musisi amatir, suka bermain gitar dan keyboard."
b2c3d4e5-f6g7-47df-h8i9-j0k1l2m3n4o5,"Kutu Buku|Sejarah","Sebagai seorang kutu buku, saya menghabiskan banyak waktu membaca, terutama buku-buku sejarah. Saya suka mendalami peristiwa historis dan diskusi tentang dampaknya pada dunia modern."
c3d4e5f6-g7h8-47df-i9j0-k1l2m3n4o5p6,"Gamers|Futsal","Ketika tidak bermain game online dengan teman-teman, saya sering terlibat dalam pertandingan futsal. Saya menikmati adrenalin dalam kompetisi, baik itu di dunia virtual maupun nyata."
d4e5f6g7-h8i9-47df-j0k1-l2m3n4o5p6q7,"Pemandu Wisata|Fotografer","Bekerja sebagai pemandu wisata, saya sering mengabadikan momen perjalanan dengan kamera saya. Saya memiliki pengalaman dalam fotografi alam dan budaya, dan suka membagikan cerita di balik setiap foto."
e5f6g7h8-i9j0-47df-k1l2-m3n4o5p6q7r8,"Koki|Kuliner","Passion saya adalah memasak dan mengeksplorasi kuliner dari berbagai belahan dunia. Saya suka mencoba resep baru dan bereksperimen dengan bahan-bahan unik untuk menciptakan hidangan yang lezat dan inovatif."
f6g7h8i9-j0k1-47df-l2m3n4o5p6q7r8s9,"Tennis Meja|Billiard","Saya seorang pecinta olahraga meja dan biliar. Saya sering menghabiskan waktu di klub lokal bermain tenis meja dan bermain biliar dengan teman-teman."
g7h8i9j0-k1l2-47df-m3n4o5p6q7r8s9t0u1,"Cosplayer|Aktor/Aktris","Saya memiliki dua passion yang berbeda. Saya suka berperan sebagai karakter favorit saya dalam acara cosplay dan juga memiliki pengalaman sebagai aktor/aktris dalam pertunjukan lokal."
h8i9j0k1-l2m3-47df-n4o5p6q7r8s9t0u1v2,"Curhat|Skena","Saya adalah pendengar yang baik dan suka mendengarkan curhatan orang. Saya juga sering terlibat dalam skena teater lokal dan senang berperan dalam berbagai peran."
i9j0k1l2-m3n4-47df-o5p6q7r8s9t0u1v2w3,"Bikers|Hang-Out","Saya seorang pecinta motor dan suka menghabiskan waktu berkendara dengan teman-teman. Kami sering berkumpul di tempat hang-out favorit kami untuk berbicara tentang pengalaman kami."
j0k1l2m3-n4o5-47df-p6q7r8s9t0u1v2w3x4,"Bowling|Penulis","Saya sering bermain bowling dan pernah mengikuti kompetisi lokal. Selain itu, saya juga menulis cerita pendek dalam waktu luang."
a1b2c3d4-e5f6-47df-bc6c-7890g1h2i3j4,"3D-Modelling|Desain|Fotografi","Saya memiliki keahlian dalam 3D modelling dan desain grafis. Saya juga suka memotret objek-objek menarik dengan kamera saya."
b2c3d4e5-f6g7-47df-h8i9-j0k1l2m3n4o5,"Anime|Cosplay|Bermain-Musik","Sebagai seorang penggemar anime, saya suka berperan sebagai karakter favorit dalam acara cosplay. Selain itu, saya juga bisa bermain musik, terutama gitar."
c3d4e5f6-g7h8-47df-i9j0-k1l2m3n4o5p6,"Astrografi|Berkebun|Sulap","Astrografi adalah passion saya. Saya juga senang berkebun dan mempelajari trik sulap untuk hiburan teman-teman."
d4e5f6g7-h8i9-47df-j0k1-l2m3n4o5p6q7,"Badminton|Bermain-Rubik|Menari","Badminton adalah olahraga favorit saya. Saya juga suka memecahkan kubus Rubik dan berpartisipasi dalam kompetisi. Saya juga suka menari salsa."
e5f6g7h8-i9j0-47df-k1l2-m3n4o5p6q7r8,"Basket|Diskusi|Programming","Saya sering bermain basket dan suka berdiskusi tentang teknologi dan programming. Saya aktif dalam komunitas pengembang perangkat lunak."
f6g7h8i9-j0k1-47df-l2m3n4o5p6q7,"Bekerja|Belajar-Hal-Baru|Genshin-Impact","Saya adalah seorang profesional yang selalu belajar hal-hal baru. Selain bekerja, saya juga sering bermain Genshin Impact untuk menghibur diri."
g7h8i9j0-k1l2-47df-m3n4o5p6q7,"Belajar-Sains|Belanja|Jogging","Saya memiliki minat khusus dalam ilmu pengetahuan dan sering belanja untuk memenuhi kebutuhan sehari-hari. Saya juga suka jogging untuk menjaga kesehatan."
h8i9j0k1-l2m3-47df-n4o5p6q7,"Berdiskusi|Berhitung|Menonton-Serial","Saya suka berdiskusi tentang topik-topik menarik dan sering berhitung sebagai hobi. Saya juga menghabiskan waktu menonton serial TV favorit."
i9j0k1l2-m3n4-47df-o5p6q7r8s9,"Berkebun|Berkuda|Menonton-Youtube","Berkebun dan berkuda adalah kegiatan yang saya nikmati di alam terbuka. Saya juga suka menonton video di YouTube tentang petualangan."
j0k1l2m3-n4o5-47df-p6q7r8s9t0,"Bermain-Rubik|Bernyanyi-Lagu-Kpop|Merokok","Saya ahli dalam memecahkan kubus Rubik dan suka bernyanyi lagu Kpop. Sayangnya, saya juga seorang perokok yang sedang mencoba berhenti."
k1l2m3n4-o5p6-47df-q7r8s9t0u1,"Bernyanyi|Berpikir|Mobile-Legends","Saya sering bernyanyi sebagai bentuk hiburan dan suka berpikir tentang masalah kompleks. Saya juga pemain Mobile Legends yang handal."
l2m3n4o5-p6q7-47df-r8s9t0u1v2,"Bersepeda|Billiar|Ngopi","Bersepeda adalah cara saya menjaga kebugaran, dan saya juga suka bermain billiar. Ngopi adalah ritual harian saya untuk memulai pagi dengan semangat."
m3n4o5p6-q7r8-47df-s9t0u1v2w3,"Browsing|Cat-Lovers|Prank","Saya suka menjelajahi internet dan sering melihat video kucing lucu. Saya juga suka membuat lelucon untuk menghibur teman-teman."
n4o5p6q7-r8s9-47df-t0u1v2w3x4,"Content-Creation|Cosplay|Sosmed","Saya aktif dalam membuat konten online, terutama tentang cosplay. Sosial media adalah platform utama saya untuk berbagi karya."
o5p6q7r8s9-t0u1-47df-v2w3x4y5,"Desain-Ui|Diskusi|Sulap","Saya adalah seorang desainer UI yang suka berdiskusi tentang desain. Saya juga memiliki minat dalam sulap dan sering tampil di acara lokal."
p6q7r8s9-t0u1-47df-v2w3x4y5z6,"Eksperimen|Event-Anime|Genshin-Impact","Saya senang melakukan eksperimen ilmiah dan sering menghadiri event anime. Waktu luang saya diisi dengan bermain Genshin Impact."
q7r8s9t0u1-v2w3-47df-x4y5z6a7b8,"Filsafat|Fotografi|Hiking","Saya memiliki minat dalam filsafat dan senang mengambil foto-foto alam saat hiking. Saya percaya bahwa alam adalah sumber inspirasi sejati."
r8s9t0u1v2-w3x4-47df-y5z6a7b8c9,"Game|Hang-Out|Ice-Skating","Saya adalah seorang gamer yang suka berkumpul dengan teman-teman di pusat permainan. Kami juga sering bermain ice-skating bersama."
s9t0u1v2w3-x4y5-47df-z6a7b8c9d0,"Gitar|Gym|Idol","Saya adalah seorang pemain gitar yang juga aktif berolahraga di gym. Saya mengidolakan musisi-musisi terkenal dan ingin menjadi idol di masa depan."
t0u1v2w3x4-y5z6-47df-a7b8c9d0e1,"Jalan Kaki|Jogging|Kerja","Saya senang berjalan kaki dan jogging untuk menjaga kesehatan. Saya juga seorang pekerja keras yang selalu memberikan yang terbaik di tempat kerja."
u1v2w3x4y5-z6a7-47df-b8c9d0e1f2,"Kuliner|Lari|Main","Saya adalah pecinta kuliner yang suka mencoba makanan baru. Selain itu, saya juga sering berlari dan bermain olahraga untuk tetap bugar."
v2w3x4y5z6-a7b8-47df-c9d0e1f2g3,"Manga|Melukis|Memancing","Saya suka membaca manga dan sering melukis karakter-karakter dari manga favorit saya. Saya juga suka memancing di waktu luang."
w3x4y5z6a7-b8c9-47df-d0e1f2g3h4,"Memasak|Membaca-Buku|Mendaki-Gunung","Saya adalah seorang koki amatir yang suka memasak berbagai hidangan. Saya juga senang membaca buku dan melakukan pendakian gunung sebagai petualangan."
x4y5z6a7b8-c9d0-47df-e1f2g3h4i5,"Membaca-Komik|Membaca-Novel|Menonton-Balapan","Saya adalah penggemar komik dan novel, sering menghabiskan waktu membaca. Saya juga suka menonton balapan dan mendukung tim favorit saya."
y5z6a7b8c9-d0e1-47df-f2g3h4i5j6,"Menonton-Serial|Menonton-Youtube|Menonton-Balapan","Saya suka menonton serial TV dan mengikuti berbagai channel di YouTube. Saya juga penggemar balapan dan selalu menantikan balapan terbaru."
z6a7b8c9d0-e1f2-47df-g3h4i5j6k7,"Menonton-Film|Menonton-Horror|Menonton-Motogp","Saya suka menonton berbagai film, terutama film horor yang membuat saya terkejut. Saya juga penggemar MotoGP dan selalu menyaksikan setiap balapan."
a7b8c9d0e1-f2g3-47df-h4i5j6k7l8,"Menonton-Serial|Menonton-Series|Menonton-Vtuber","Saya adalah penggemar serial TV dan selalu mengikuti perkembangan cerita. Saya juga suka menonton series online dan mengikuti Vtuber favorit."
b8c9d0e1f2g3-h4i5-47df-j6k7l8m9n0,"Menulis|Menulis-Cerita|Merenung","Saya senang menulis cerita dan sering merenung untuk mendapatkan inspirasi. Saya juga sering menulis esai dan artikel tentang berbagai topik."
c9d0e1f2g3-h4i5j6-47df-k7l8m9n0o1,"Merokok|Mobile-Legends|Multimedia","Meskipun merokok, saya berusaha menjaga kesehatan dengan bermain Mobile Legends. Saya juga ahli dalam bidang multimedia dan senang menciptakan konten visual."
d0e1f2g3h4i5-j6k7-47df-l8m9n0o1p2,"Musik|Ngopi|Olahraga","Saya adalah musisi yang suka bermain musik dalam acara ngopi dengan teman-teman. Kami juga sering berolahraga bersama untuk menjaga kebugaran."
e1f2g3h4i5j6-k7l8-47df-m9n0o1p2q3,"Prank|Programming|Puzzle","Saya senang membuat lelucon dan sering melucu di antara teman-teman. Selain itu, saya juga seorang programmer yang suka memecahkan teka-teki dan puzzle."
f2g3h4i5j6k7-l8m9-47df-n0o1p2q3r4,"Rebahan|Self-Development|Sepakbola","Saya suka rebahan dan relaksasi, tetapi juga fokus pada pengembangan diri. Saya juga penggemar sepakbola dan suka menyaksikan pertandingan."
g3h4i5j6k7l8-m9n0-47df-o1p2q3r4s5,"Sulap|Teknologi|Tenis-Meja","Saya adalah seorang pesulap yang sering tampil di berbagai acara. Selain itu, saya juga tertarik pada teknologi dan suka bermain tenis meja di waktu luang."
h4i5j6k7l8m9-n0o1-47df-p2q3r4s5t6,"Tidur|Touring|Trading","Tidur adalah aktivitas favorit saya. Saya juga suka melakukan perjalanan touring dan memiliki minat dalam trading saham."
i5j6k7l8m9n0-o1p2-47df-q3r4s5t6u7,"Traveling|Voli|Workout","Saya suka berkeliling dunia dan menjelajahi tempat-tempat baru. Saya juga penggemar voli dan senang berolahraga untuk menjaga kebugaran."
j6k7l8m9n0-o1p2-47df-q3r4s5t6u7v8,"3D-Modelling|Anime|Astrografi","Saya memiliki keahlian dalam 3D modelling dan senang menggambar karakter anime. Saya juga sering mengamati langit malam untuk astrografi."
k7l8m9n0o1-p2q3-47df-r4s5t6u7v8w9,"Badminton|Basket|Bekerja","Badminton adalah olahraga favorit saya, dan saya sering bermain basket dengan teman-teman. Selain itu, saya seorang profesional yang berdedikasi dalam pekerjaan."
l8m9n0o1p2-q3r4-47df-s5t6u7v8w9x0,"Belajar|Belajar-Hal-Baru|Belajar-Sains","Saya memiliki hasrat untuk terus belajar. Saya suka mengeksplorasi hal-hal baru dan mempelajari ilmu pengetahuan serta sains."
m9n0o1p2q3-r4s5-47df-t6u7v8w9x0y1,"Belanja|Berdiskusi|Berenang","Saya suka berbelanja untuk barang-barang yang menarik dan sering berdiskusi tentang tren fashion. Saya juga senang berenang untuk bersantai."
n0o1p2q3r4-s5t6-47df-u7v8w9x0y1z2,"Berhitung|Berkebun|Berkuda","Saya sering berhitung sebagai tantangan intelektual dan juga memiliki kebun untuk menanam tanaman. Saya suka berkuda untuk menjelajahi alam."
o1p2q3r4s5-t6u7-47df-v8w9x0y1z2a3,"Bermain-Musik|Bermain-Rubik|Bernyanyi","Saya ahli dalam bermain musik dengan berbagai instrumen, dan saya juga hobi memecahkan kubus Rubik. Saya sering bernyanyi di acara karaoke."
p2q3r4s5t6-u7v8-47df-w9x0y1z2a3b4,"Bernyanyi-Lagu-Kpop|Berpikir|Bersepeda","Saya penggemar lagu Kpop dan sering bernyanyi lagu-lagu dari grup favorit. Selain itu, saya suka berpikir tentang filosofi hidup sambil bersepeda di taman."
q3r4s5t6u7-v8w9-47df-x0y1z2a3b4c5,"Billiar|Browsing|Cat-Lovers","Saya adalah pemain biliar yang handal dan sering bermain di klub lokal. Saya juga suka browsing internet dan mengagumi kucing."
r4s5t6u7v8-w9x0-47df-y1z2a3b4c5d6,"Content-Creation|Cosplay|Curhat","Saya aktif dalam menciptakan konten online tentang cosplay. Saya juga suka berbagi pengalaman dan curhat dengan teman-teman."
s5t6u7v8w9-x0y1-47df-z2a3b4c5d6e7,"Desain|Desain-Ui|Diskusi","Saya adalah seorang desainer dengan fokus pada desain antarmuka. Saya sering berdiskusi tentang tren desain dan inovasi."
t6u7v8w9x0-y1z2-47df-a3b4c5d6e7f8,"Dog-Lovers|Dubbing|Editing","Saya adalah pecinta anjing dan sering mengisi waktu dengan bermain dengan anjing peliharaan saya. Saya juga ahli dalam dubbing dan senang melakukan editing video."
u7v8w9x0y1-z2a3-47df-b4c5d6e7f8g9,"Eksperimen|Event-Anime|Filsafat","Saya senang melakukan eksperimen ilmiah dan sering menghadiri event anime. Saya juga memiliki minat dalam filsafat dan suka berdiskusi tentang konsep-konsep filosofis."
v8w9x0y1z2-a3b4-47df-c5d6e7f8g9h0,"Fotografi|Futsal|Game","Saya adalah fotografer yang suka mengabadikan momen-momen penting. Saya juga sering bermain futsal dan bermain game online dengan teman-teman."
w9x0y1z2a3-b4c5-47df-d6e7f8g9h0i1,"Genshin-Impact|Gitar|Gym","Saya adalah pemain Genshin Impact yang handal dan sering bermain dengan teman-teman. Saya juga ahli dalam bermain gitar dan suka berolahraga di gym."
x0y1z2a3b4-c5d6-47df-e7f8g9h0i1j2,"Hang-Out|Hiking|Ice-Skating","Saya suka berkumpul dengan teman-teman di luar dan sering pergi hiking. Saya juga suka bermain ice-skating untuk bersenang-senang."
y1z2a3b4c5-d6e7-47df-f8g9h0i1j2k3,"Idol|Jalan Kaki|Jogging","Saya mengidolakan banyak selebriti dan sering berjalan kaki untuk menjaga kesehatan. Saya juga suka jogging di taman setiap pagi."
z2a3b4c5d6-e7f8-47df-g9h0i1j2k3l4,"Kerja|Kuliner|Lari","Saya adalah pekerja keras yang selalu memberikan yang terbaik di tempat kerja. Saya juga pecinta kuliner dan sering mencoba makanan baru. Selain itu, saya suka berlari untuk menjaga kebugaran."
a3b4c5d6e7-f8g9-47df-h0i1j2k3l4m5,"Main|Manga|Melukis","Saya suka bermain dan sering mengorganisir acara bersama teman-teman. Saya juga penggemar manga dan senang melukis karakter-karakter manga favorit saya."
b4c5d6e7f8-g9h0-47df-i1j2k3l4m5n6,"Memancing|Memasak|Membaca","Saya suka memancing di waktu luang dan sering mengadakan perjalanan memancing bersama teman-teman. Saya juga pecinta masakan dan senang memasak hidangan lezat. Selain itu, saya gemar membaca buku dan artikel."
c5d6e7f8g9-h0i1-47df-j2k3l4m5n6o7,"Membaca-Komik|Membaca-Novel|Menari","Saya senang membaca komik dan novel untuk mengisi waktu luang. Saya juga suka menari dan sering mengikuti kelas tari."
d6e7f8g9h0i1-j2k3-47df-l4m5n6o7p8,"Mendaki-Gunung|Mendengarkan-Lagu|Mendengarkan-Musik","Saya suka mendaki gunung untuk petualangan dan sering mendengarkan lagu dan musik saat mendaki."
e7f8g9h0i1j2-k3l4-47df-m5n6o7p8q9,"Mengaduk-Semen|Menggambar|Menjahit","Saya ahli dalam mengaduk semen dan sering melakukan pekerjaan konstruksi. Selain itu, saya senang menggambar dan menjahit pakaian sendiri."
f8g9h0i1j2k3-l4m5-47df-n6o7p8q9r0,"Menonton-Balapan|Menonton-Drakor|Menonton-Film","Saya adalah penggemar balapan dan selalu menantikan balapan terbaru. Saya juga suka menonton drama Korea dan film-film terbaru."
g9h0i1j2k3l4-m5n6-47df-o7p8q9r0s1,"Menonton-Horror|Menonton-Motogp|Menonton-Serial","Saya suka menonton film horor yang menegangkan. Saya juga penggemar MotoGP dan selalu menyaksikan setiap balapan. Selain itu, saya senang mengikuti serial TV."
h0i1j2k3l4m5-n6o7-47df-p8q9r0s1t2,"Menonton-Series|Menonton-Vtuber|Menonton-Youtube","Saya suka mengikuti berbagai serial TV dan mengikuti Vtuber favorit. Saya juga aktif dalam menonton video di YouTube."
i1j2k3l4m5n6-o7p8-47df-q9r0s1t2u3,"Menulis|Menulis-Cerita|Merenung","Saya senang menulis cerita dan esai. Saya juga suka merenung untuk mendapatkan inspirasi dalam menulis."
j2k3l4m5n6o7-p8q9-47df-r0s1t2u3v4,"Merokok|Mobile-Legends|Multimedia","Saya merokok secara teratur dan juga bermain Mobile Legends dengan teman-teman. Saya memiliki latar belakang dalam bidang multimedia dan sering menciptakan konten visual."
k3l4m5n6o7-p8q9r0-47df-s1t2u3v4w5,"Musik|Ngopi|Olahraga","Saya adalah seorang musisi yang sering tampil di berbagai acara. Saya juga suka ngopi dan berolahraga untuk menjaga kebugaran."
l4m5n6o7p8q9-r0s1t2u3v4w5x6,"Prank|Programming|Puzzle","Saya suka melakukan prank lucu pada teman-teman dan kolega. Selain itu, saya adalah seorang programmer yang ahli dalam bahasa pemrograman tertentu dan suka memecahkan teka-teki."
m5n6o7p8q9-r0s1t2u3v4w5x6y7,"Rebahan|Self-Development|Sepakbola","Saya adalah pecinta rebahan yang sering beristirahat di rumah. Saya juga fokus pada pengembangan diri dan selalu mencari cara untuk menjadi lebih baik. Saya suka menonton dan bermain sepakbola."
n6o7p8q9-r0s1t2u3v4w5x6y7z8,"Sosmed|Sulap|Teknologi","Saya aktif di media sosial dan suka berinteraksi dengan teman-teman secara online. Saya juga memiliki keahlian sulap yang mengagumkan dan tertarik pada perkembangan teknologi terbaru."
o7p8q9-r0s1t2u3v4w5x6y7z8a9,"Tenis-Meja|Tidur|Touring","Saya adalah pemain tenis meja yang handal dan sering berlatih. Saya juga suka tidur nyenyak dan memiliki minat dalam touring untuk menjelajahi tempat-tempat baru."
p8q9-r0s1t2u3v4w5x6y7z8a9b0,"Trading|Traveling|Voli","Saya memiliki pengalaman dalam trading dan sering mengikuti pasar keuangan. Selain itu, saya suka berpergian dan menjelajahi berbagai destinasi. Saya juga suka bermain voli bersama teman-teman."
q9-r0s1t2u3v4w5x6y7z8a9b0c1,"Workout|Writing|Yoga","Saya rajin berolahraga dan sering pergi ke gym. Saya juga seorang penulis yang produktif dan suka menulis berbagai jenis konten. Saya praktik yoga untuk kesehatan dan kesejahteraan."
r0-s1t2u3v4w5x6y7z8a9b0c1d2,"Zumba|Bermain-Basket|Bermain-Billiard","Saya adalah instruktur Zumba yang berbakat dan sering mengajar kelas Zumba. Saya juga suka bermain basket dan biliar bersama teman-teman."
s1-t2u3v4w5x6y7z8a9b0c1d2e3,"Bermain-Catur|Berenang|Berkuda","Saya adalah pemain catur yang berpengalaman dan sering bermain catur dengan lawan yang tangguh. Saya juga suka berenang dan bersepeda."
t2u3-v4w5x6y7z8a9b0c1d2e3f4,"Bermain-Gitar|Bermain-Piano|Bermain-Saxophone","Saya adalah musisi multi-talenta yang mahir dalam bermain gitar, piano, dan saxophone. Saya sering tampil di acara musik lokal."
u3-v4w5x6y7z8a9b0c1d2e3f4g5,"Bermain-Tenis|Bermain-Violin|Bermain-Ukulele","Saya adalah pecinta olahraga tenis dan bermain dengan semangat. Selain itu, saya suka bermain violin dan ukulele untuk menghibur diri sendiri dan orang lain."
v4-w5x6y7z8a9b0c1d2e3f4g5h6,"Bisnis|Blogging|Bungee-Jumping","Saya memiliki bisnis sendiri dan sukses dalam mengelolanya. Saya juga seorang blogger yang aktif dan suka berbagi pengalaman. Selain itu, saya pernah mencoba bungee jumping."
w5-x6y7z8a9b0c1d2e3f4g5h6i7,"Climbing|Cooking|Diving","Saya adalah penggemar mendaki gunung dan sering menjelajahi jalur hiking yang menantang. Saya juga ahli dalam memasak dan sering memasak hidangan lezat. Saya juga suka diving dan menjelajahi dunia bawah air."
x6-y7z8a9b0c1d2e3f4g5h6i7j8,"Esports|Exploring|Extreme-Sports","Saya adalah pemain esports yang berkompetisi di tingkat profesional. Saya juga suka menjelajahi tempat-tempat baru dan mencoba berbagai olahraga ekstrem."
y7z8-a9b0c1d2e3f4g5h6i7j8k9,"Fishing|Fitness|Flying","Saya pecinta memancing dan sering pergi memancing ke danau-danau terdekat. Saya juga rajin berolahraga di gym untuk menjaga kebugaran. Selain itu, saya pernah mencoba terbang dengan pesawat kecil."
z8-a9b0c1d2e3f4g5h6i7j8l9,"Gaming|Gardening|Golf","Saya adalah gamer berat dan sering bermain game online. Saya juga suka berkebun dan merawat berbagai jenis tanaman. Selain itu, saya suka bermain golf di akhir pekan."
